CustomerID,FirstName,LastName,Email,Phone,Address,City,State,Zipcode,Country
1,Ann,Gerleit,agerleit0@pinterest.com,4544703161,7106 Summer Ridge Street,Agraharam,Andhra Pradesh,532663,India
2,Caril,Nairne,cnairne1@va.gov,1086678763,5 Huxley Park,Agraharam,Andhra Pradesh,532663,India
3,Jessee,Debnam,jdebnam2@meetup.com,9722480500,92 Lighthouse Bay Circle,Agraharam,Andhra Pradesh,532663,India
4,Hesther,Albertson,halbertson3@usgs.gov,2827131070,958 Shoshone Trail,Agraharam,Andhra Pradesh,532663,India
5,Rubie,Grigoire,rgrigoire4@studiopress.com,8251326344,973 Crownhardt Terrace,Agraharam,Andhra Pradesh,532663,India
6,Etheline,Yushachkov,eyushachkov5@mac.com,5412807278,81 Parkside Way,Agraharam,Andhra Pradesh,532663,India
7,Kale,Syphus,ksyphus6@google.com.br,9874271545,634 Sachs Drive,Agraharam,Andhra Pradesh,532663,India
8,Kiele,Spittle,kspittle7@businessweek.com,8444439654,16113 Tomscot Alley,Agraharam,Andhra Pradesh,532663,India
9,Ame,de Leon,adeleon8@wikimedia.org,9515369987,1017 Little Fleur Circle,Agraharam,Andhra Pradesh,532663,India
10,Gerri,Bernat,gbernat9@ucsd.edu,5441023896,851 Prentice Drive,Agraharam,Andhra Pradesh,532663,India
11,Tull,Klimowicz,tklimowicza@wisc.edu,5646872340,764 Packers Junction,Agraharam,Andhra Pradesh,532663,India
12,Nolan,McMinn,nmcminnb@privacy.gov.au,9735469372,64030 Kropf Street,Agraharam,Andhra Pradesh,532663,India
13,Lee,Hayford,lhayfordc@nih.gov,2002130770,0 High Crossing Way,Agraharam,Andhra Pradesh,532663,India
14,Roland,Hillock,rhillockd@ftc.gov,8765680092,70 Corben Lane,Agraharam,Andhra Pradesh,532663,India
15,Annissa,Brislen,abrislene@sun.com,2937879650,1 Toban Trail,Agraharam,Andhra Pradesh,532663,India
16,Silvana,Neath,sneathf@howstuffworks.com,2299709869,671 Barnett Parkway,Agraharam,Andhra Pradesh,532663,India
17,Ruy,Silcox,rsilcoxg@buzzfeed.com,1645783993,87588 Esker Plaza,Agraharam,Andhra Pradesh,532663,India
18,Phillipp,Itzcovichch,pitzcovichchh@indiatimes.com,9901570609,00 Knutson Drive,Agraharam,Andhra Pradesh,532663,India
19,Godiva,Jerram,gjerrami@trellian.com,9796965294,081 Hagan Point,Agraharam,Andhra Pradesh,532663,India
20,Eleanor,Marrill,emarrillj@ca.gov,7299705648,28 Granby Lane,Agraharam,Andhra Pradesh,532663,India
21,Verena,Pauley,vpauleyk@vk.com,6505818010,355 Buhler Court,Agraharam,Andhra Pradesh,532663,India
22,Rudyard,Firmage,rfirmagel@usda.gov,3636726609,5503 Spaight Junction,Agraharam,Andhra Pradesh,532663,India
23,Demetria,Heinlein,dheinleinm@cnn.com,4547805739,674 Tennyson Street,Agraharam,Andhra Pradesh,532663,India
24,Thekla,Matthessen,tmatthessenn@arizona.edu,5231068053,08252 Vidon Junction,Agraharam,Andhra Pradesh,532663,India
25,Barth,Cranshaw,bcranshawo@ebay.com,3101272606,4424 Florence Plaza,Agraharam,Andhra Pradesh,532663,India
26,Arlena,Coaten,acoatenp@newsvine.com,1594823918,1344 Crest Line Avenue,Agraharam,Andhra Pradesh,532663,India
27,Phylis,Fitzsymons,pfitzsymonsq@behance.net,9759804116,62571 Vera Center,Agraharam,Andhra Pradesh,532663,India
28,Winslow,Jozwik,wjozwikr@weebly.com,9101349662,56 Bunting Court,Agraharam,Andhra Pradesh,532663,India
29,Rosabella,Shales,rshaless@howstuffworks.com,3484030092,72 Alpine Junction,Agraharam,Andhra Pradesh,532663,India
30,Tibold,Bertl,tbertlt@vinaora.com,2835643031,412 Lotheville Road,Agraharam,Andhra Pradesh,532663,India
31,Hailee,Epinay,hepinayu@webs.com,1366501613,093 Roth Court,Agraharam,Andhra Pradesh,532663,India
32,Flossi,Abramson,fabramsonv@state.tx.us,1659052886,4226 Quincy Trail,Agraharam,Andhra Pradesh,532663,India
33,Jakob,Roelofsen,jroelofsenw@cdbaby.com,1953442040,536 Bowman Way,Agraharam,Andhra Pradesh,532663,India
34,Francois,Caslane,fcaslanex@jigsy.com,4334408428,7 Blaine Road,Agraharam,Andhra Pradesh,532663,India
35,Pincus,Hornig,phornigy@unc.edu,9888948435,12774 Thompson Circle,Agraharam,Andhra Pradesh,532663,India
36,Ivette,Brandacci,ibrandacciz@kickstarter.com,5872066444,5 1st Court,Agraharam,Andhra Pradesh,532663,India
37,Lila,Jewess,ljewess10@twitter.com,5339780669,38150 1st Point,Agraharam,Andhra Pradesh,532663,India
38,Starlene,MacGrath,smacgrath11@opera.com,4796196090,10971 Stoughton Terrace,Agraharam,Andhra Pradesh,532663,India
39,Sal,Hartford,shartford12@surveymonkey.com,8236228676,77305 Aberg Court,Agraharam,Andhra Pradesh,532663,India
40,Torrance,Thowless,tthowless13@intel.com,3999214121,01493 Pepper Wood Center,Agraharam,Andhra Pradesh,532663,India
41,Katha,Polglaze,kpolglaze14@nhs.uk,5123891458,82543 Bowman Place,Agraharam,Andhra Pradesh,532663,India
42,Alvera,Giddings,agiddings15@list-manage.com,9308537359,128 Twin Pines Road,Agraharam,Andhra Pradesh,532663,India
43,Effie,Steddall,esteddall16@about.com,9338170971,3521 Gateway Hill,Agraharam,Andhra Pradesh,532663,India
44,Francine,Gascoine,fgascoine17@shinystat.com,8508412483,8 Butterfield Parkway,Agraharam,Andhra Pradesh,532663,India
45,Roseline,Mackinder,rmackinder18@umich.edu,7111825230,8 Talmadge Road,Agraharam,Andhra Pradesh,532663,India
46,Diane-marie,Englishby,denglishby19@harvard.edu,7622514802,0 Eliot Center,Agraharam,Andhra Pradesh,532663,India
47,Lorinda,Bowe,lbowe1a@multiply.com,4832788145,72 Scoville Place,Agraharam,Andhra Pradesh,532663,India
48,Igor,Saiger,isaiger1b@github.io,6209885829,70 Twin Pines Junction,Agraharam,Andhra Pradesh,532663,India
49,Rodger,Carp,rcarp1c@weibo.com,5909013034,6 Moland Avenue,Agraharam,Andhra Pradesh,532663,India
50,Harv,Heckner,hheckner1d@prnewswire.com,6815388693,532 Aberg Plaza,Agraharam,Andhra Pradesh,532663,India
51,Patrizia,Spellward,pspellward1e@dropbox.com,6096179557,19621 Bonner Avenue,Agraharam,Andhra Pradesh,532663,India
52,Jorrie,Langabeer,jlangabeer1f@bing.com,4368959899,371 Ludington Court,Agraharam,Andhra Pradesh,532663,India
53,Sheppard,Benion,sbenion1g@ebay.co.uk,6912485523,537 Nevada Place,Agraharam,Andhra Pradesh,532663,India
54,Kyrstin,Kulicke,kkulicke1h@themeforest.net,2111909570,50 Hoffman Street,Agraharam,Andhra Pradesh,532663,India
55,Dotti,Giannotti,dgiannotti1i@ucla.edu,7535108070,9 Havey Hill,Agraharam,Andhra Pradesh,532663,India
56,Cortney,Shawel,cshawel1j@taobao.com,2045079902,51332 Corry Park,Agraharam,Andhra Pradesh,532663,India
57,Sanders,Robillart,srobillart1k@woothemes.com,3089256391,12812 6th Alley,Agraharam,Andhra Pradesh,532663,India
58,Guendolen,Dullard,gdullard1l@narod.ru,4829285599,3 Marcy Hill,Agraharam,Andhra Pradesh,532663,India
59,Sarena,Muehle,smuehle1m@opera.com,8095411703,33 Swallow Center,Agraharam,Andhra Pradesh,532663,India
60,Bartram,Glazebrook,bglazebrook1n@about.me,2237186675,500 Northview Circle,Agraharam,Andhra Pradesh,532663,India
61,Sheff,Melonby,smelonby1o@oakley.com,1404352087,59699 Ludington Center,Agraharam,Andhra Pradesh,532663,India
62,Amye,Cradock,acradock1p@csmonitor.com,2647581944,2116 Corry Parkway,Agraharam,Andhra Pradesh,532663,India
63,Tan,Spinnace,tspinnace1q@yelp.com,7114646266,0 Twin Pines Trail,Agraharam,Andhra Pradesh,532663,India
64,Davon,Cribbott,dcribbott1r@google.it,4324343925,014 Maryland Way,Agraharam,Andhra Pradesh,532663,India
65,Adeline,Champerlen,achamperlen1s@nasa.gov,9746662851,945 Westridge Park,Agraharam,Andhra Pradesh,532663,India
66,Naoma,Barbe,nbarbe1t@over-blog.com,7965535555,785 Granby Parkway,Agraharam,Andhra Pradesh,532663,India
67,Berkley,Michael,bmichael1u@csmonitor.com,3163694141,91645 Manitowish Junction,Agraharam,Andhra Pradesh,532663,India
68,Fianna,Heathfield,fheathfield1v@house.gov,7339126559,21 Emmet Crossing,Agraharam,Andhra Pradesh,532663,India
69,Barbette,Hedaux,bhedaux1w@google.de,6981911881,28 Gerald Parkway,Agraharam,Andhra Pradesh,532663,India
70,Axel,Mays,amays1x@wikispaces.com,5706754753,9493 Milwaukee Alley,Agraharam,Andhra Pradesh,532663,India
71,Nadine,Orae,norae1y@microsoft.com,7596614071,1336 Katie Pass,Agraharam,Andhra Pradesh,532663,India
72,Lauritz,Bims,lbims1z@ucsd.edu,2007673581,299 Buhler Circle,Agraharam,Andhra Pradesh,532663,India
73,Gracie,Kleeborn,gkleeborn20@businessweek.com,7005618268,2886 Southridge Alley,Agraharam,Andhra Pradesh,532663,India
74,Xaviera,Boodle,xboodle21@about.me,5299425698,881 Weeping Birch Road,Agraharam,Andhra Pradesh,532663,India
75,Vida,Presswell,vpresswell22@loc.gov,5529405700,15 Chinook Junction,Agraharam,Andhra Pradesh,532663,India
76,Karim,Presser,kpresser23@sciencedirect.com,9144571159,8 Red Cloud Road,Agraharam,Andhra Pradesh,532663,India
77,Othella,Blanket,oblanket24@cbslocal.com,4092413625,647 Bunker Hill Crossing,Agraharam,Andhra Pradesh,532663,India
78,Ruddy,Brun,rbrun25@ted.com,9576833476,6 Sachtjen Avenue,Agraharam,Andhra Pradesh,532663,India
79,Eziechiele,Koche,ekoche26@usgs.gov,3154155538,32 Meadow Valley Pass,Agraharam,Andhra Pradesh,532663,India
80,Edy,Skivington,eskivington27@nps.gov,8093732001,426 Nova Place,Agraharam,Andhra Pradesh,532663,India
81,Pembroke,Lawee,plawee28@lycos.com,2872251288,66 Moose Crossing,Agraharam,Andhra Pradesh,532663,India
82,Bellina,Giraudoux,bgiraudoux29@amazon.co.jp,7664592972,6416 Springs Pass,Agraharam,Andhra Pradesh,532663,India
83,Maiga,Fosdyke,mfosdyke2a@bigcartel.com,1344364026,3622 Lotheville Road,Agraharam,Andhra Pradesh,532663,India
84,Perkin,Shakelady,pshakelady2b@networkadvertising.org,8375559281,213 Florence Street,Agraharam,Andhra Pradesh,532663,India
85,Jaime,Tampion,jtampion2c@latimes.com,6676470594,70 Summit Court,Agraharam,Andhra Pradesh,532663,India
86,Freddy,Underwood,funderwood2d@tiny.cc,9416288296,79 Pleasure Junction,Agraharam,Andhra Pradesh,532663,India
87,Adora,Sewell,asewell2e@biblegateway.com,8497131282,21502 Linden Hill,Agraharam,Andhra Pradesh,532663,India
88,Jard,Bunney,jbunney2f@ezinearticles.com,7624108356,07986 Grasskamp Terrace,Agraharam,Andhra Pradesh,532663,India
89,Creight,Maggi,cmaggi2g@nyu.edu,3483340457,47612 Pond Junction,Agraharam,Andhra Pradesh,532663,India
90,Bambi,Gritskov,bgritskov2h@instagram.com,5702448146,25 Bowman Way,Agraharam,Andhra Pradesh,532663,India
91,Mariquilla,Doppler,mdoppler2i@flavors.me,3878592223,42 Judy Center,Agraharam,Andhra Pradesh,532663,India
92,Maddie,Tomblings,mtomblings2j@shareasale.com,2314582613,3 Sauthoff Street,Agraharam,Andhra Pradesh,532663,India
93,Deidre,Craigg,dcraigg2k@forbes.com,7863877756,230 Arrowood Center,Agraharam,Andhra Pradesh,532663,India
94,Barnebas,Olsen,bolsen2l@123-reg.co.uk,2826488826,4 Forster Park,Agraharam,Andhra Pradesh,532663,India
95,Jethro,McClenan,jmcclenan2m@multiply.com,8943688128,34 Acker Terrace,Agraharam,Andhra Pradesh,532663,India
96,Amerigo,Drohan,adrohan2n@vimeo.com,9794470691,1 Caliangt Lane,Agraharam,Andhra Pradesh,532663,India
97,Prescott,Goldhill,pgoldhill2o@mac.com,9768237825,9 7th Point,Agraharam,Andhra Pradesh,532663,India
98,Flossie,Doorey,fdoorey2p@reuters.com,3722066390,52967 Killdeer Point,Agraharam,Andhra Pradesh,532663,India
99,Kaleb,Meriott,kmeriott2q@instagram.com,9298091302,8 Redwing Lane,Agraharam,Andhra Pradesh,532663,India
100,Lanni,Bickerstasse,lbickerstasse2r@deliciousdays.com,8827886862,82 Manley Avenue,Agraharam,Andhra Pradesh,532663,India
101,Deidre,Brickstock,dbrickstock2s@vkontakte.ru,5954106331,86 Helena Court,Agraharam,Andhra Pradesh,532663,India
102,Sindee,Sorsby,ssorsby2t@cnbc.com,8475271250,1 Annamark Parkway,Agraharam,Andhra Pradesh,532663,India
103,Les,Brand-Hardy,lbrandhardy2u@spiegel.de,7498064558,531 Esch Park,Agraharam,Andhra Pradesh,532663,India
104,Yvor,Purcell,ypurcell2v@wikipedia.org,7386334452,145 Cardinal Terrace,Agraharam,Andhra Pradesh,532663,India
105,Fanechka,Ghio,fghio2w@meetup.com,1263263991,26 Ohio Lane,Agraharam,Andhra Pradesh,532663,India
106,Gery,Klessmann,gklessmann2x@addtoany.com,1976983024,27 Granby Road,Agraharam,Andhra Pradesh,532663,India
107,Galen,Mouton,gmouton2y@wufoo.com,6321751023,93720 Browning Place,Agraharam,Andhra Pradesh,532663,India
108,Pace,Fishe,pfishe2z@desdev.cn,4644893970,44917 Muir Lane,Agraharam,Andhra Pradesh,532663,India
109,Brew,O'Keefe,bokeefe30@apache.org,6487209846,1 Mcbride Place,Agraharam,Andhra Pradesh,532663,India
110,Evanne,Lidgerton,elidgerton31@google.pl,1911509507,034 Northland Hill,Agraharam,Andhra Pradesh,532663,India
111,Warde,Troyes,wtroyes32@hugedomains.com,5771182410,93965 Fallview Plaza,Agraharam,Andhra Pradesh,532663,India
112,Thomasin,Peetermann,tpeetermann33@nytimes.com,6773267939,312 Annamark Trail,Agraharam,Andhra Pradesh,532663,India
113,Darleen,Barrington,dbarrington34@acquirethisname.com,6018257091,63713 Delaware Place,Agraharam,Andhra Pradesh,532663,India
114,Claudine,Titmarsh,ctitmarsh35@devhub.com,2207087295,7570 Old Shore Parkway,Agraharam,Andhra Pradesh,532663,India
115,Laura,Spaughton,lspaughton36@addtoany.com,8371392102,60921 Rockefeller Terrace,Agraharam,Andhra Pradesh,532663,India
116,Baxy,Karoly,bkaroly37@nature.com,6173933181,78774 Lotheville Crossing,Agraharam,Andhra Pradesh,532663,India
117,Giordano,Rowlands,growlands38@yelp.com,4545325433,4434 Autumn Leaf Plaza,Agraharam,Andhra Pradesh,532663,India
118,Nathanael,Walton,nwalton39@reuters.com,2898659708,20 Paget Street,Agraharam,Andhra Pradesh,532663,India
119,Sofia,Korf,skorf3a@engadget.com,4139261549,8 Forest Run Hill,Agraharam,Andhra Pradesh,532663,India
120,Emmye,Kirwin,ekirwin3b@examiner.com,2309480365,1 Anhalt Way,Agraharam,Andhra Pradesh,532663,India
121,Ad,Collingham,acollingham3c@china.com.cn,9393134086,821 Namekagon Hill,Agraharam,Andhra Pradesh,532663,India
122,Benedict,Gawthrop,bgawthrop3d@com.com,7507070564,3499 Eagle Crest Plaza,Agraharam,Andhra Pradesh,532663,India
123,Nikoletta,MacLaverty,nmaclaverty3e@google.ca,8337998950,17957 Blaine Alley,Agraharam,Andhra Pradesh,532663,India
124,Ira,Endecott,iendecott3f@patch.com,9891133730,49664 Fieldstone Alley,Agraharam,Andhra Pradesh,532663,India
125,Quintilla,Capelle,qcapelle3g@163.com,7522088038,8717 Clove Trail,Agraharam,Andhra Pradesh,532663,India
126,Aline,Tocher,atocher3h@stanford.edu,1242666223,16865 Derek Junction,Agraharam,Andhra Pradesh,532663,India
127,Duane,Coopey,dcoopey3i@goodreads.com,6656517766,61770 Surrey Road,Agraharam,Andhra Pradesh,532663,India
128,Reggi,Dewer,rdewer3j@wunderground.com,8815259891,3 Brown Park,Agraharam,Andhra Pradesh,532663,India
129,Natale,Yacobsohn,nyacobsohn3k@icq.com,4455384712,0423 Jay Crossing,Agraharam,Andhra Pradesh,532663,India
130,Rochella,Kliesl,rkliesl3l@archive.org,8573239121,336 Almo Street,Agraharam,Andhra Pradesh,532663,India
131,Ted,Itzcovichch,titzcovichch3m@amazon.de,7288135687,7 Springview Court,Agraharam,Andhra Pradesh,532663,India
132,Judi,Rosensaft,jrosensaft3n@google.ru,2815630744,285 Bartelt Court,Agraharam,Andhra Pradesh,532663,India
133,Vasilis,Pawnsford,vpawnsford3o@goo.gl,9051765220,9982 Chinook Place,Agraharam,Andhra Pradesh,532663,India
134,Leesa,Hevey,lhevey3p@newyorker.com,2486215712,30887 Springs Parkway,Agraharam,Andhra Pradesh,532663,India
135,Daron,Bonin,dbonin3q@shutterfly.com,7361594758,79 Mccormick Road,Agraharam,Andhra Pradesh,532663,India
136,Artie,Bytheway,abytheway3r@phpbb.com,9536204621,034 Artisan Place,Agraharam,Andhra Pradesh,532663,India
137,Bran,Novik,bnovik3s@stumbleupon.com,9171000342,2513 Rusk Place,Agraharam,Andhra Pradesh,532663,India
138,Jocelin,Cicci,jcicci3t@webeden.co.uk,7003906117,2044 Barby Crossing,Agraharam,Andhra Pradesh,532663,India
139,Tamara,Emsley,temsley3u@businessweek.com,9597801020,899 Dixon Plaza,Agraharam,Andhra Pradesh,532663,India
140,Giacinta,Illesley,gillesley3v@java.com,8819747627,5 Donald Circle,Agraharam,Andhra Pradesh,532663,India
141,Sindee,Jarritt,sjarritt3w@reuters.com,4069636591,535 Trailsway Terrace,Agraharam,Andhra Pradesh,532663,India
142,Reena,Mitrovic,rmitrovic3x@behance.net,9055023929,23055 Hovde Point,Agraharam,Andhra Pradesh,532663,India
143,Andie,Dumbare,adumbare3y@va.gov,6943826224,0 Hoepker Road,Agraharam,Andhra Pradesh,532663,India
144,Debera,Kment,dkment3z@timesonline.co.uk,1407309709,61 Golf View Park,Agraharam,Andhra Pradesh,532663,India
145,Kesley,Elstow,kelstow40@bloglines.com,7692758204,98 Shasta Park,Agraharam,Andhra Pradesh,532663,India
146,Rafael,Grzegorek,rgrzegorek41@mediafire.com,9947543188,607 Dixon Trail,Agraharam,Andhra Pradesh,532663,India
147,Emory,Minchinden,eminchinden42@chron.com,7296566160,70 Becker Drive,Agraharam,Andhra Pradesh,532663,India
148,Kristoffer,Farman,kfarman43@bloglovin.com,4552954543,18554 Dwight Trail,Agraharam,Andhra Pradesh,532663,India
149,Bertrand,Byre,bbyre44@amazon.de,9716893957,93402 Grim Point,Agraharam,Andhra Pradesh,532663,India
150,Konrad,Iacovacci,kiacovacci45@ehow.com,1923713021,951 Monument Center,Agraharam,Andhra Pradesh,532663,India
151,Pearce,Leverette,pleverette46@salon.com,5723243881,23479 Kingsford Plaza,Agraharam,Andhra Pradesh,532663,India
152,Orelee,Laimable,olaimable47@so-net.ne.jp,8733050999,61377 Macpherson Lane,Agraharam,Andhra Pradesh,532663,India
153,Issie,Mendel,imendel48@ustream.tv,8324513371,7022 Loftsgordon Lane,Agraharam,Andhra Pradesh,532663,India
154,Vernor,Bevan,vbevan49@usda.gov,5994611907,3 Meadow Vale Court,Agraharam,Andhra Pradesh,532663,India
155,Issiah,Ackermann,iackermann4a@indiatimes.com,2204177865,68 Sutteridge Crossing,Agraharam,Andhra Pradesh,532663,India
156,Nelie,Accum,naccum4b@statcounter.com,5527704111,8089 Northfield Terrace,Agraharam,Andhra Pradesh,532663,India
157,Patricio,Dusey,pdusey4c@reverbnation.com,5957908716,8597 Golden Leaf Pass,Agraharam,Andhra Pradesh,532663,India
158,Berte,Petlyura,bpetlyura4d@independent.co.uk,4598637592,5 Sutherland Alley,Agraharam,Andhra Pradesh,532663,India
159,Shep,Lean,slean4e@youku.com,8222480588,59 Fairview Avenue,Agraharam,Andhra Pradesh,532663,India
160,Gael,Pickworth,gpickworth4f@joomla.org,5121198488,74611 Boyd Alley,Agraharam,Andhra Pradesh,532663,India
161,Edvard,Doghartie,edoghartie4g@cnbc.com,2535693016,8971 Hovde Junction,Agraharam,Andhra Pradesh,532663,India
162,Leonerd,Dooland,ldooland4h@constantcontact.com,5997404946,55 Fuller Hill,Agraharam,Andhra Pradesh,532663,India
163,Lief,Seeley,lseeley4i@163.com,5296066846,662 Lakeland Hill,Agraharam,Andhra Pradesh,532663,India
164,Graig,Diddams,gdiddams4j@instagram.com,5966755805,0417 Ryan Alley,Agraharam,Andhra Pradesh,532663,India
165,Dorolisa,Farnie,dfarnie4k@surveymonkey.com,2934511620,935 Judy Alley,Agraharam,Andhra Pradesh,532663,India
166,Salvatore,Vasishchev,svasishchev4l@disqus.com,4384867214,81889 Kipling Point,Agraharam,Andhra Pradesh,532663,India
167,Waneta,Twallin,wtwallin4m@tripod.com,5085692127,5259 Mitchell Junction,Agraharam,Andhra Pradesh,532663,India
168,Dionne,Farington,dfarington4n@flavors.me,5418802279,8367 Dexter Court,Agraharam,Andhra Pradesh,532663,India
169,Tan,Suett,tsuett4o@ocn.ne.jp,6379273872,355 Nelson Lane,Agraharam,Andhra Pradesh,532663,India
170,Yorke,Lowry,ylowry4p@ameblo.jp,5493830272,211 Merchant Place,Agraharam,Andhra Pradesh,532663,India
171,Lotta,Legrice,llegrice4q@cornell.edu,5166718983,27 Cody Crossing,Agraharam,Andhra Pradesh,532663,India
172,Karlotte,Yude,kyude4r@hhs.gov,8044572442,525 Shelley Trail,Agraharam,Andhra Pradesh,532663,India
173,Pepi,Hainge,phainge4s@dmoz.org,4642834942,61232 Southridge Crossing,Agraharam,Andhra Pradesh,532663,India
174,Ainslie,Lydiatt,alydiatt4t@vistaprint.com,9278076797,69 Alpine Junction,Agraharam,Andhra Pradesh,532663,India
175,Halli,Simner,hsimner4u@si.edu,4471298619,9 Donald Parkway,Agraharam,Andhra Pradesh,532663,India
176,Rheba,Sidle,rsidle4v@blogger.com,1236177393,8679 Service Alley,Agraharam,Andhra Pradesh,532663,India
177,Kerrie,Tilio,ktilio4w@nsw.gov.au,1189125591,821 Anthes Place,Agraharam,Andhra Pradesh,532663,India
178,Tadio,Velte,tvelte4x@springer.com,5662359183,9 Norway Maple Pass,Agraharam,Andhra Pradesh,532663,India
179,Jeanine,Godding,jgodding4y@canalblog.com,8677629757,190 Emmet Park,Agraharam,Andhra Pradesh,532663,India
180,Dewie,Plitz,dplitz4z@yolasite.com,7787313156,55 Forest Run Avenue,Agraharam,Andhra Pradesh,532663,India
181,Leonanie,Goshawke,lgoshawke50@mysql.com,1786537379,19702 Waxwing Drive,Agraharam,Andhra Pradesh,532663,India
182,Babara,Flecknell,bflecknell51@wikispaces.com,4498439043,8 Hintze Hill,Agraharam,Andhra Pradesh,532663,India
183,Jandy,Worner,jworner52@fda.gov,5238508637,82 Harper Pass,Agraharam,Andhra Pradesh,532663,India
184,Dasi,Chessil,dchessil53@umn.edu,3093438225,00139 Express Court,Agraharam,Andhra Pradesh,532663,India
185,Ileane,Botham,ibotham54@about.com,1618266618,2 Eggendart Circle,Agraharam,Andhra Pradesh,532663,India
186,Laney,Scrivener,lscrivener55@gmpg.org,1288855888,12 Barnett Pass,Agraharam,Andhra Pradesh,532663,India
187,Kalil,Gold,kgold56@wikispaces.com,8618999270,2408 Continental Junction,Agraharam,Andhra Pradesh,532663,India
188,Loralie,Laver,llaver57@spotify.com,2726369891,037 Kedzie Crossing,Agraharam,Andhra Pradesh,532663,India
189,Aeriel,Risbridger,arisbridger58@techcrunch.com,7517153652,7 Brickson Park Center,Agraharam,Andhra Pradesh,532663,India
190,Perry,McGeorge,pmcgeorge59@squarespace.com,5659416577,41193 Darwin Junction,Agraharam,Andhra Pradesh,532663,India
191,Collin,Willcock,cwillcock5a@moonfruit.com,1143101480,4504 Bayside Court,Agraharam,Andhra Pradesh,532663,India
192,Arline,Hrinishin,ahrinishin5b@feedburner.com,4659811378,647 Mitchell Way,Agraharam,Andhra Pradesh,532663,India
193,Carce,Germaine,cgermaine5c@weather.com,2622242891,40429 Rutledge Way,Agraharam,Andhra Pradesh,532663,India
194,Tom,Beeres,tbeeres5d@163.com,3059071262,5007 Warrior Lane,Agraharam,Andhra Pradesh,532663,India
195,Brooks,Lacknor,blacknor5e@jalbum.net,3697734443,24 Manufacturers Crossing,Agraharam,Andhra Pradesh,532663,India
196,Shaina,Durban,sdurban5f@imgur.com,3649512186,7 Larry Terrace,Agraharam,Andhra Pradesh,532663,India
197,Nadia,Waliszewski,nwaliszewski5g@intel.com,2947537986,24 Duke Pass,Agraharam,Andhra Pradesh,532663,India
198,Regine,Dener,rdener5h@state.gov,4865188021,9227 Gale Place,Agraharam,Andhra Pradesh,532663,India
199,Costa,MacQueen,cmacqueen5i@ucoz.ru,5785526981,666 3rd Hill,Agraharam,Andhra Pradesh,532663,India
200,Nina,Crosfeld,ncrosfeld5j@jiathis.com,2757716002,77 Continental Alley,Agraharam,Andhra Pradesh,532663,India
201,Karlee,Domerque,kdomerque5k@disqus.com,9418724300,64043 Chive Street,Agraharam,Andhra Pradesh,532663,India
202,Langsdon,Finkle,lfinkle5l@globo.com,7486127050,0052 Pennsylvania Trail,Agraharam,Andhra Pradesh,532663,India
203,Jereme,Boards,jboards5m@chronoengine.com,3642433175,2567 Merrick Junction,Agraharam,Andhra Pradesh,532663,India
204,Kathe,Yanshin,kyanshin5n@eepurl.com,2528768685,72788 Sauthoff Trail,Agraharam,Andhra Pradesh,532663,India
205,Shirline,Stuchburie,sstuchburie5o@kickstarter.com,1534050107,14 Texas Point,Agraharam,Andhra Pradesh,532663,India
206,Siffre,Kinsell,skinsell5p@amazon.de,2946907899,5104 Bonner Center,Agraharam,Andhra Pradesh,532663,India
207,Zane,Grut,zgrut5q@last.fm,3871794792,74600 6th Crossing,Agraharam,Andhra Pradesh,532663,India
208,Roana,Pawelke,rpawelke5r@php.net,3586649491,756 Northfield Hill,Agraharam,Andhra Pradesh,532663,India
209,Jeanine,Trays,jtrays5s@google.co.jp,7188592749,442 Service Hill,Agraharam,Andhra Pradesh,532663,India
210,Karla,Aujean,kaujean5t@economist.com,1998021741,2270 Park Meadow Junction,Agraharam,Andhra Pradesh,532663,India
211,Pancho,Gallehawk,pgallehawk5u@cdbaby.com,5429572115,126 5th Alley,Agraharam,Andhra Pradesh,532663,India
212,Aili,Akett,aakett5v@dagondesign.com,1518209302,5 Kenwood Road,Agraharam,Andhra Pradesh,532663,India
213,Bonni,Midlane,bmidlane5w@biblegateway.com,4213248638,8 Steensland Center,Agraharam,Andhra Pradesh,532663,India
214,Torey,Jezard,tjezard5x@earthlink.net,4661468455,19886 Autumn Leaf Road,Agraharam,Andhra Pradesh,532663,India
215,Hannis,Chivers,hchivers5y@sourceforge.net,3018158513,0361 Stuart Park,Agraharam,Andhra Pradesh,532663,India
216,Laurella,Higounet,lhigounet5z@hhs.gov,8957637012,4 Florence Plaza,Agraharam,Andhra Pradesh,532663,India
217,Rosana,Clyant,rclyant60@hubpages.com,8825182294,190 Loomis Alley,Agraharam,Andhra Pradesh,532663,India
218,Shurlocke,Wegman,swegman61@cdc.gov,9432848081,28920 Declaration Lane,Agraharam,Andhra Pradesh,532663,India
219,Catlin,Malone,cmalone62@thetimes.co.uk,1111594683,4 Hagan Center,Agraharam,Andhra Pradesh,532663,India
220,Aldon,Champagne,achampagne63@people.com.cn,3328479801,24 Old Gate Court,Agraharam,Andhra Pradesh,532663,India
221,Burk,Turfitt,bturfitt64@hexun.com,1365136594,0 Northland Alley,Agraharam,Andhra Pradesh,532663,India
222,Jolynn,Ceaplen,jceaplen65@rambler.ru,3253301269,57 Ramsey Center,Agraharam,Andhra Pradesh,532663,India
223,Jermayne,Warriner,jwarriner66@google.com.hk,1014247046,04423 Marcy Place,Agraharam,Andhra Pradesh,532663,India
224,Errick,Peto,epeto67@time.com,1086847311,35497 Huxley Place,Agraharam,Andhra Pradesh,532663,India
225,Buffy,Cootes,bcootes68@latimes.com,2772686721,08616 Oak Pass,Agraharam,Andhra Pradesh,532663,India
226,Charla,Rabbage,crabbage69@omniture.com,5705981039,54286 Loomis Plaza,Agraharam,Andhra Pradesh,532663,India
227,Nathaniel,Gouldie,ngouldie6a@qq.com,6481932220,8 Killdeer Terrace,Agraharam,Andhra Pradesh,532663,India
228,Cher,Ghiroldi,cghiroldi6b@ow.ly,2488453317,2 Nancy Terrace,Agraharam,Andhra Pradesh,532663,India
229,Cynthia,Snow,csnow6c@dmoz.org,8554393615,102 Eastwood Road,Agraharam,Andhra Pradesh,532663,India
230,Sonny,Buckell,sbuckell6d@360.cn,2604925547,0692 Arapahoe Plaza,Agraharam,Andhra Pradesh,532663,India
231,Glenna,Hassen,ghassen6e@craigslist.org,1296157957,4 Marcy Hill,Agraharam,Andhra Pradesh,532663,India
232,Selle,Bawme,sbawme6f@ftc.gov,1299668794,6 Sutherland Circle,Agraharam,Andhra Pradesh,532663,India
233,Rurik,Fishby,rfishby6g@macromedia.com,6977411556,3 Prairieview Street,Agraharam,Andhra Pradesh,532663,India
234,Perrine,Villa,pvilla6h@barnesandnoble.com,3865130646,731 Coolidge Center,Agraharam,Andhra Pradesh,532663,India
235,Giustino,Lusk,glusk6i@washingtonpost.com,2171469472,62037 Myrtle Street,Agraharam,Andhra Pradesh,532663,India
236,Clare,Austin,caustin6j@constantcontact.com,8624574836,30009 Veith Place,Agraharam,Andhra Pradesh,532663,India
237,Daphna,Romand,dromand6k@kickstarter.com,1599942343,055 Ramsey Park,Agraharam,Andhra Pradesh,532663,India
238,Debbie,Grassin,dgrassin6l@smugmug.com,9846004062,603 Dennis Hill,Agraharam,Andhra Pradesh,532663,India
239,Megan,Kubista,mkubista6m@mayoclinic.com,5221437643,897 Esch Court,Agraharam,Andhra Pradesh,532663,India
240,Park,Michele,pmichele6n@t.co,9861351788,58676 Fisk Circle,Agraharam,Andhra Pradesh,532663,India
241,Adrianne,Peterffy,apeterffy6o@thetimes.co.uk,8151615627,9255 Kim Hill,Agraharam,Andhra Pradesh,532663,India
242,Bev,Spalls,bspalls6p@studiopress.com,2482945082,6 Anzinger Lane,Agraharam,Andhra Pradesh,532663,India
243,Land,Thurner,lthurner6q@com.com,7401204439,62 Arapahoe Way,Agraharam,Andhra Pradesh,532663,India
244,Samuele,Easen,seasen6r@tiny.cc,7184716516,95186 Jay Court,Agraharam,Andhra Pradesh,532663,India
245,Jaquelyn,Boyes,jboyes6s@tinypic.com,8092534513,20619 Melvin Alley,Agraharam,Andhra Pradesh,532663,India
246,Lelia,Yemm,lyemm6t@mysql.com,4174283045,1776 Darwin Way,Agraharam,Andhra Pradesh,532663,India
247,Bette-ann,Perkinson,bperkinson6u@foxnews.com,3536531238,61 Dahle Plaza,Agraharam,Andhra Pradesh,532663,India
248,Carissa,Sivess,csivess6v@usnews.com,6846594563,68 Wayridge Way,Agraharam,Andhra Pradesh,532663,India
249,Trumaine,Danielsson,tdanielsson6w@feedburner.com,9459295005,2394 Mayer Terrace,Agraharam,Andhra Pradesh,532663,India
250,Benito,Bovaird,bbovaird6x@opensource.org,1836360548,5 Sundown Plaza,Agraharam,Andhra Pradesh,532663,India
251,Cherri,Werrett,cwerrett6y@miibeian.gov.cn,8503952600,8051 Bultman Park,Agraharam,Andhra Pradesh,532663,India
252,Quillan,Vawton,qvawton6z@slashdot.org,1304705475,78 Moose Alley,Agraharam,Andhra Pradesh,532663,India
253,Tommie,Broinlich,tbroinlich70@soup.io,2467993975,55 Delaware Place,Agraharam,Andhra Pradesh,532663,India
254,Celeste,Dunsford,cdunsford71@digg.com,4799346383,22121 Hanson Place,Agraharam,Andhra Pradesh,532663,India
255,Eleen,Gallanders,egallanders72@bing.com,2873373615,7640 Barby Way,Agraharam,Andhra Pradesh,532663,India
256,Fedora,Lovewell,flovewell73@bing.com,3655300436,00 Green Ridge Trail,Agraharam,Andhra Pradesh,532663,India
257,Briana,Segebrecht,bsegebrecht74@imageshack.us,2489646692,2 Dawn Plaza,Agraharam,Andhra Pradesh,532663,India
258,Joya,Chidlow,jchidlow75@amazon.de,4753731826,37780 Maywood Street,Agraharam,Andhra Pradesh,532663,India
259,Abeu,Billam,abillam76@twitpic.com,4498654087,2907 Florence Alley,Agraharam,Andhra Pradesh,532663,India
260,Janaye,Tappington,jtappington77@google.co.uk,4623694977,43343 Nobel Center,Agraharam,Andhra Pradesh,532663,India
261,Ingram,Pember,ipember78@fotki.com,2104231076,17 La Follette Street,Agraharam,Andhra Pradesh,532663,India
262,Minette,Aspin,maspin79@bandcamp.com,7969279461,26003 Eggendart Center,Agraharam,Andhra Pradesh,532663,India
263,Baxy,Darter,bdarter7a@nba.com,9449338945,279 Ridge Oak Street,Agraharam,Andhra Pradesh,532663,India
264,Eloise,Schoenfisch,eschoenfisch7b@cmu.edu,7872892846,16375 Boyd Point,Agraharam,Andhra Pradesh,532663,India
265,Diana,Stott,dstott7c@ning.com,7645246824,88951 Mesta Crossing,Agraharam,Andhra Pradesh,532663,India
266,Granthem,Graveney,ggraveney7d@buzzfeed.com,3309036953,7 Daystar Crossing,Agraharam,Andhra Pradesh,532663,India
267,Allie,Sherel,asherel7e@gizmodo.com,1889488129,746 Lunder Point,Agraharam,Andhra Pradesh,532663,India
268,Brigitte,Ingerith,bingerith7f@miitbeian.gov.cn,9777049796,06441 Fallview Center,Agraharam,Andhra Pradesh,532663,India
269,Antonius,Marshalleck,amarshalleck7g@dagondesign.com,3794972010,0857 Wayridge Plaza,Agraharam,Andhra Pradesh,532663,India
270,Lucho,Cobley,lcobley7h@wikispaces.com,5928292329,0 Meadow Ridge Street,Agraharam,Andhra Pradesh,532663,India
271,Barbi,Ferri,bferri7i@sogou.com,2023159118,20 Pawling Lane,Agraharam,Andhra Pradesh,532663,India
272,Peyter,Coper,pcoper7j@typepad.com,3591410259,1049 Green Ridge Terrace,Agraharam,Andhra Pradesh,532663,India
273,Sebastiano,Wyllis,swyllis7k@surveymonkey.com,2999634033,2 Corscot Lane,Agraharam,Andhra Pradesh,532663,India
274,Allison,Whitnell,awhitnell7l@eventbrite.com,4425409200,843 Kensington Park,Agraharam,Andhra Pradesh,532663,India
275,Flori,Cooney,fcooney7m@biblegateway.com,4623601803,577 Bayside Pass,Agraharam,Andhra Pradesh,532663,India
276,Nero,Valsler,nvalsler7n@umn.edu,2622550999,14767 Hudson Circle,Agraharam,Andhra Pradesh,532663,India
277,Tomi,Sheldrick,tsheldrick7o@aol.com,8787102405,0 Nevada Hill,Agraharam,Andhra Pradesh,532663,India
278,Fedora,Culp,fculp7p@t-online.de,7074497725,02 5th Park,Agraharam,Andhra Pradesh,532663,India
279,Wendeline,Penquet,wpenquet7q@rakuten.co.jp,7913022363,639 Longview Terrace,Agraharam,Andhra Pradesh,532663,India
280,Kerk,Daltrey,kdaltrey7r@soup.io,6064568521,2540 Magdeline Circle,Agraharam,Andhra Pradesh,532663,India
281,Abbye,Float,afloat7s@timesonline.co.uk,7661158249,7 Gateway Way,Agraharam,Andhra Pradesh,532663,India
282,Miran,Warrior,mwarrior7t@soundcloud.com,4004498231,76663 Pepper Wood Park,Agraharam,Andhra Pradesh,532663,India
283,Alfy,Kilgrove,akilgrove7u@netvibes.com,7499237069,104 Mariners Cove Street,Agraharam,Andhra Pradesh,532663,India
284,Marcelline,Harlick,mharlick7v@washingtonpost.com,1707095810,61424 Steensland Court,Agraharam,Andhra Pradesh,532663,India
285,Cecelia,Leap,cleap7w@dion.ne.jp,4331622413,51427 Londonderry Alley,Agraharam,Andhra Pradesh,532663,India
286,Karine,Baildon,kbaildon7x@youtu.be,4755278541,760 Little Fleur Place,Agraharam,Andhra Pradesh,532663,India
287,Fonzie,Hrinchishin,fhrinchishin7y@theatlantic.com,2214375554,429 Farmco Way,Agraharam,Andhra Pradesh,532663,India
288,Ethel,Yeowell,eyeowell7z@spotify.com,8115672915,243 Golden Leaf Point,Agraharam,Andhra Pradesh,532663,India
289,Koren,D'Oyley,kdoyley80@ed.gov,6098623033,3 Quincy Drive,Agraharam,Andhra Pradesh,532663,India
290,Siobhan,Jouhan,sjouhan81@is.gd,8381170369,66 Dakota Circle,Agraharam,Andhra Pradesh,532663,India
291,Sela,Willoughey,swilloughey82@storify.com,1673464452,0 Derek Plaza,Agraharam,Andhra Pradesh,532663,India
292,Tarah,Morfell,tmorfell83@boston.com,4104387598,118 Forest Run Court,Agraharam,Andhra Pradesh,532663,India
293,Sawyere,Sherrock,ssherrock84@wisc.edu,8638230545,637 Oak Valley Junction,Agraharam,Andhra Pradesh,532663,India
294,Maurice,Perillio,mperillio85@bizjournals.com,8209403706,69831 Sunnyside Place,Agraharam,Andhra Pradesh,532663,India
295,Griz,Eouzan,geouzan86@chicagotribune.com,1744284530,6 Farmco Circle,Agraharam,Andhra Pradesh,532663,India
296,Melisenda,Yurinov,myurinov87@ucsd.edu,2282484424,4611 7th Junction,Agraharam,Andhra Pradesh,532663,India
297,Bar,Aspray,baspray88@java.com,6802325888,20106 Surrey Trail,Agraharam,Andhra Pradesh,532663,India
298,Hilly,Basillon,hbasillon89@mlb.com,8803654614,6621 Lillian Pass,Agraharam,Andhra Pradesh,532663,India
299,Bell,Pammenter,bpammenter8a@eventbrite.com,5671925219,04192 Bashford Plaza,Agraharam,Andhra Pradesh,532663,India
300,Cherrita,De Francesco,cdefrancesco8b@ycombinator.com,4502927620,971 Anderson Way,Agraharam,Andhra Pradesh,532663,India
301,Mortimer,Hiscoe,mhiscoe8c@boston.com,8808530963,421 Annamark Lane,Agraharam,Andhra Pradesh,532663,India
302,Lurleen,Toms,ltoms8d@networkadvertising.org,5163626314,73 Swallow Lane,Agraharam,Andhra Pradesh,532663,India
303,Seymour,Gonzalo,sgonzalo8e@wp.com,7666122822,79668 Messerschmidt Lane,Agraharam,Andhra Pradesh,532663,India
304,Othella,Ventum,oventum8f@eventbrite.com,1886397121,8324 Iowa Terrace,Agraharam,Andhra Pradesh,532663,India
305,Elia,Smithend,esmithend8g@goo.gl,7733389594,6669 Drewry Parkway,Agraharam,Andhra Pradesh,532663,India
306,Des,Feldhorn,dfeldhorn8h@de.vu,8001841398,4506 Badeau Place,Agraharam,Andhra Pradesh,532663,India
307,Catina,Bythell,cbythell8i@reuters.com,8913619823,40 Jenna Plaza,Agraharam,Andhra Pradesh,532663,India
308,Justis,Jenyns,jjenyns8j@trellian.com,9008077193,3 Talmadge Circle,Agraharam,Andhra Pradesh,532663,India
309,Merwyn,Rosenblum,mrosenblum8k@dyndns.org,1139705247,677 Eastlawn Street,Agraharam,Andhra Pradesh,532663,India
310,Harriet,Jon,hjon8l@mac.com,7558000809,025 Northport Circle,Agraharam,Andhra Pradesh,532663,India
311,Boigie,Wedlock,bwedlock8m@privacy.gov.au,8845655668,669 Tennessee Alley,Agraharam,Andhra Pradesh,532663,India
312,Murielle,Gorwood,mgorwood8n@unicef.org,7061191965,2 School Circle,Agraharam,Andhra Pradesh,532663,India
313,Shir,Pickance,spickance8o@wikipedia.org,2154643328,2 Carpenter Drive,Agraharam,Andhra Pradesh,532663,India
314,Andrea,Horlock,ahorlock8p@skype.com,2343339446,46294 Rowland Crossing,Agraharam,Andhra Pradesh,532663,India
315,Bronson,Alpe,balpe8q@si.edu,2658590375,34 Coleman Street,Agraharam,Andhra Pradesh,532663,India
316,Florry,McSaul,fmcsaul8r@blog.com,3191357710,55 Basil Terrace,Agraharam,Andhra Pradesh,532663,India
317,Pavla,Spenclay,pspenclay8s@wp.com,4316618604,4673 Village Green Terrace,Agraharam,Andhra Pradesh,532663,India
318,Silas,Gauford,sgauford8t@cnbc.com,7394283463,95 Melvin Park,Agraharam,Andhra Pradesh,532663,India
319,Crawford,Trymme,ctrymme8u@fda.gov,8163687094,883 Old Shore Way,Agraharam,Andhra Pradesh,532663,India
320,Page,Ramm,pramm8v@godaddy.com,1763375613,3617 Havey Street,Agraharam,Andhra Pradesh,532663,India
321,Rosaleen,Gambie,rgambie8w@about.me,4652328427,314 Maple Way,Agraharam,Andhra Pradesh,532663,India
322,Beverlee,Paula,bpaula8x@state.tx.us,2875524215,5705 Waywood Park,Agraharam,Andhra Pradesh,532663,India
323,Othilia,Commins,ocommins8y@liveinternet.ru,6279080285,7 Dayton Alley,Agraharam,Andhra Pradesh,532663,India
324,Carmel,Brosh,cbrosh8z@upenn.edu,9596991261,1973 Doe Crossing Drive,Agraharam,Andhra Pradesh,532663,India
325,Alysia,Cruttenden,acruttenden90@state.tx.us,7284437915,904 Haas Hill,Agraharam,Andhra Pradesh,532663,India
326,Charlean,Eisenberg,ceisenberg91@canalblog.com,3947179785,7 Sullivan Center,Agraharam,Andhra Pradesh,532663,India
327,Flori,Toogood,ftoogood92@pen.io,6126941020,4 Farragut Parkway,Agraharam,Andhra Pradesh,532663,India
328,Malinda,Spelwood,mspelwood93@lulu.com,3844206130,76984 Buhler Parkway,Agraharam,Andhra Pradesh,532663,India
329,Tybie,Grzelak,tgrzelak94@icq.com,9302359972,0 Marcy Park,Agraharam,Andhra Pradesh,532663,India
330,Shaine,Berrill,sberrill95@shinystat.com,9191434420,92037 Buena Vista Crossing,Agraharam,Andhra Pradesh,532663,India
331,Louisa,Jaspar,ljaspar96@cafepress.com,7581024312,0 Ruskin Center,Agraharam,Andhra Pradesh,532663,India
332,Karlens,Joy,kjoy97@msu.edu,6951788748,3740 Elmside Parkway,Agraharam,Andhra Pradesh,532663,India
333,Tiffany,Goulbourn,tgoulbourn98@engadget.com,7527911697,4435 Lukken Lane,Agraharam,Andhra Pradesh,532663,India
334,Germaine,Asser,gasser99@unesco.org,5751987816,26 Clyde Gallagher Lane,Agraharam,Andhra Pradesh,532663,India
335,Torry,Loyndon,tloyndon9a@virginia.edu,1251909749,18010 Anthes Place,Agraharam,Andhra Pradesh,532663,India
336,Raviv,Vanin,rvanin9b@ezinearticles.com,1411923852,32 New Castle Lane,Agraharam,Andhra Pradesh,532663,India
337,Layton,Blunsden,lblunsden9c@cnbc.com,2826639808,8 Johnson Alley,Agraharam,Andhra Pradesh,532663,India
338,Archaimbaud,Cluckie,acluckie9d@nymag.com,1454018050,931 Hansons Alley,Agraharam,Andhra Pradesh,532663,India
339,Charyl,Aizic,caizic9e@paginegialle.it,6506993099,0573 Johnson Junction,Agraharam,Andhra Pradesh,532663,India
340,Alexandrina,Brookton,abrookton9f@eepurl.com,2488459500,0419 Lakewood Gardens Junction,Agraharam,Andhra Pradesh,532663,India
341,Chev,Charlo,ccharlo9g@spiegel.de,3962796881,998 Center Lane,Agraharam,Andhra Pradesh,532663,India
342,Andee,Simpkiss,asimpkiss9h@elpais.com,8322292430,78 Victoria Parkway,Agraharam,Andhra Pradesh,532663,India
343,Elset,Woodyeare,ewoodyeare9i@guardian.co.uk,3987573904,16665 Menomonie Circle,Agraharam,Andhra Pradesh,532663,India
344,Mandel,Badsey,mbadsey9j@gov.uk,4106654262,6 Pepper Wood Way,Agraharam,Andhra Pradesh,532663,India
345,Rebeka,Dovydenas,rdovydenas9k@rambler.ru,3876996058,651 Donald Way,Agraharam,Andhra Pradesh,532663,India
346,Bel,Malloch,bmalloch9l@cdbaby.com,1844608869,2931 Declaration Plaza,Agraharam,Andhra Pradesh,532663,India
347,Margaretha,Werndly,mwerndly9m@icio.us,2566070220,8 Macpherson Center,Agraharam,Andhra Pradesh,532663,India
348,Belinda,Tiddeman,btiddeman9n@microsoft.com,2069677713,82 Stone Corner Crossing,Agraharam,Andhra Pradesh,532663,India
349,Mufi,Surcomb,msurcomb9o@stanford.edu,3591513419,8 Stone Corner Junction,Agraharam,Andhra Pradesh,532663,India
350,Rriocard,Abbotts,rabbotts9p@unesco.org,9397004545,1756 Grayhawk Drive,Agraharam,Andhra Pradesh,532663,India
351,Sheila,Dukelow,sdukelow9q@skype.com,8196233222,0 Park Meadow Parkway,Agraharam,Andhra Pradesh,532663,India
352,Hunfredo,Bayman,hbayman9r@sun.com,1368131251,8 Merry Lane,Agraharam,Andhra Pradesh,532663,India
353,Koo,Purseglove,kpurseglove9s@istockphoto.com,7683095015,885 Anderson Point,Agraharam,Andhra Pradesh,532663,India
354,Aldon,McKinna,amckinna9t@yelp.com,9919473540,63640 Kim Parkway,Agraharam,Andhra Pradesh,532663,India
355,Gerrard,Obal,gobal9u@google.com.br,4292312839,1743 Charing Cross Crossing,Agraharam,Andhra Pradesh,532663,India
356,Amalie,Gemeau,agemeau9v@harvard.edu,4368406826,8258 Dahle Lane,Agraharam,Andhra Pradesh,532663,India
357,Buck,Portis,bportis9w@apache.org,3565079952,436 Johnson Point,Agraharam,Andhra Pradesh,532663,India
358,Serena,Krinks,skrinks9x@taobao.com,6274993107,054 Prairieview Junction,Agraharam,Andhra Pradesh,532663,India
359,Janna,Wais,jwais9y@wix.com,4951444749,7 Dunning Pass,Agraharam,Andhra Pradesh,532663,India
360,Paulette,Goncaves,pgoncaves9z@amazon.co.uk,6602852668,46 Montana Circle,Agraharam,Andhra Pradesh,532663,India
361,Evin,Proby,eprobya0@gravatar.com,6264425881,72752 Everett Hill,Agraharam,Andhra Pradesh,532663,India
362,Vinni,Furnival,vfurnivala1@huffingtonpost.com,4455660563,508 Gina Plaza,Agraharam,Andhra Pradesh,532663,India
363,Liuka,Guterson,lgutersona2@hc360.com,7786755489,56 Pond Pass,Agraharam,Andhra Pradesh,532663,India
364,Carmelia,Gibbett,cgibbetta3@sfgate.com,2985059691,9 Sage Avenue,Agraharam,Andhra Pradesh,532663,India
365,Lilah,De Mattia,ldemattiaa4@theguardian.com,7068425168,582 Sunfield Street,Agraharam,Andhra Pradesh,532663,India
366,Lanni,Antusch,lantuscha5@cargocollective.com,4155605026,6 Rieder Hill,Agraharam,Andhra Pradesh,532663,India
367,Steven,Fakes,sfakesa6@bing.com,9944143600,912 Lyons Point,Agraharam,Andhra Pradesh,532663,India
368,Dela,Chaunce,dchauncea7@businessinsider.com,5944990249,086 Troy Plaza,Agraharam,Andhra Pradesh,532663,India
369,Talya,Le Quesne,tlequesnea8@nytimes.com,2354965747,21668 Pearson Road,Agraharam,Andhra Pradesh,532663,India
370,Roxanne,Swancock,rswancocka9@chronoengine.com,6961274633,15 Forster Trail,Agraharam,Andhra Pradesh,532663,India
371,Babb,Moulson,bmoulsonaa@4shared.com,4723252828,3836 Coleman Park,Agraharam,Andhra Pradesh,532663,India
372,Everard,Haxby,ehaxbyab@hugedomains.com,6785047950,2554 Welch Way,Agraharam,Andhra Pradesh,532663,India
373,Karina,Grenshields,kgrenshieldsac@prnewswire.com,2297119704,10 Pearson Place,Agraharam,Andhra Pradesh,532663,India
374,Anestassia,Kmicicki,akmicickiad@irs.gov,9632942881,1 Manufacturers Terrace,Agraharam,Andhra Pradesh,532663,India
375,Essie,Friedman,efriedmanae@upenn.edu,3693844772,622 Summer Ridge Road,Agraharam,Andhra Pradesh,532663,India
376,Rebecca,Nester,rnesteraf@chron.com,9986199669,3958 Myrtle Point,Agraharam,Andhra Pradesh,532663,India
377,Tonie,Lardnar,tlardnarag@smh.com.au,5307458816,9781 Straubel Junction,Agraharam,Andhra Pradesh,532663,India
378,Mommy,Spray,msprayah@dropbox.com,3392069777,35 7th Street,Agraharam,Andhra Pradesh,532663,India
379,Merl,Idale,midaleai@instagram.com,1223798132,518 Starling Court,Agraharam,Andhra Pradesh,532663,India
380,Nathanial,Swindley,nswindleyaj@purevolume.com,9815926398,7033 Harbort Road,Agraharam,Andhra Pradesh,532663,India
381,Northrup,O'Carney,nocarneyak@paginegialle.it,8539679279,3 Scott Center,Agraharam,Andhra Pradesh,532663,India
382,Marice,Rodrigues,mrodriguesal@youtu.be,1628604083,4624 North Plaza,Agraharam,Andhra Pradesh,532663,India
383,Ly,Winspar,lwinsparam@liveinternet.ru,5173627740,91 Mallory Alley,Agraharam,Andhra Pradesh,532663,India
384,Batsheva,Roly,brolyan@homestead.com,1034387035,944 Jay Lane,Agraharam,Andhra Pradesh,532663,India
385,Glen,Dowson,gdowsonao@sohu.com,9663582188,90486 Beilfuss Point,Agraharam,Andhra Pradesh,532663,India
386,Kalil,Gai,kgaiap@earthlink.net,8431342349,40326 Clyde Gallagher Parkway,Agraharam,Andhra Pradesh,532663,India
387,Ardyce,Eagles,aeaglesaq@addtoany.com,4594675527,1 Cascade Place,Agraharam,Andhra Pradesh,532663,India
388,Reade,Stirland,rstirlandar@fc2.com,2376894638,68 Elgar Trail,Agraharam,Andhra Pradesh,532663,India
389,Lyndy,Saban,lsabanas@whitehouse.gov,5917348113,742 Pearson Trail,Agraharam,Andhra Pradesh,532663,India
390,Dorey,Fabbro,dfabbroat@lycos.com,5369901440,108 Di Loreto Way,Agraharam,Andhra Pradesh,532663,India
391,Annmaria,Baggelley,abaggelleyau@imdb.com,8378975633,77 Mallory Street,Agraharam,Andhra Pradesh,532663,India
392,Gusti,Rops,gropsav@unesco.org,3897768447,7 Derek Trail,Agraharam,Andhra Pradesh,532663,India
393,Wrennie,Clutton,wcluttonaw@furl.net,1305159880,5 Donald Center,Agraharam,Andhra Pradesh,532663,India
394,Blisse,Paolino,bpaolinoax@wired.com,9958334560,33 Moulton Circle,Agraharam,Andhra Pradesh,532663,India
395,Gail,Kiendl,gkiendlay@wikispaces.com,6217327753,51 Michigan Terrace,Agraharam,Andhra Pradesh,532663,India
396,Mervin,Johann,mjohannaz@acquirethisname.com,7298213459,56955 Oriole Junction,Agraharam,Andhra Pradesh,532663,India
397,Caty,Forcade,cforcadeb0@psu.edu,7033818819,97 Valley Edge Way,Agraharam,Andhra Pradesh,532663,India
398,Worthington,Ewing,wewingb1@archive.org,7029846738,0330 Golf Course Junction,Agraharam,Andhra Pradesh,532663,India
399,Jacklin,Dockerty,jdockertyb2@blog.com,9708152761,6 Ilene Center,Agraharam,Andhra Pradesh,532663,India
400,Gilly,Dhillon,gdhillonb3@mozilla.org,1506398049,15 David Way,Agraharam,Andhra Pradesh,532663,India
401,Raffarty,Proschke,rproschkeb4@chicagotribune.com,4642577496,31 Stephen Center,Agraharam,Andhra Pradesh,532663,India
402,Carmelina,Skouling,cskoulingb5@ca.gov,5626797798,27932 Johnson Point,Agraharam,Andhra Pradesh,532663,India
403,Dominga,Autry,dautryb6@bloomberg.com,8217080279,29897 Shasta Terrace,Agraharam,Andhra Pradesh,532663,India
404,Charleen,Zahor,czahorb7@stanford.edu,3397227709,849 Stuart Court,Agraharam,Andhra Pradesh,532663,India
405,Haydon,Fever,hfeverb8@typepad.com,3599533809,70330 Lien Plaza,Agraharam,Andhra Pradesh,532663,India
406,Cammy,Eatherton,ceathertonb9@nps.gov,4723728284,1 Hazelcrest Crossing,Agraharam,Andhra Pradesh,532663,India
407,Carlin,Sterte,csterteba@arstechnica.com,3132328446,3399 Eggendart Alley,Agraharam,Andhra Pradesh,532663,India
408,Barnard,Filippone,bfilipponebb@marriott.com,2052093109,290 Haas Road,Agraharam,Andhra Pradesh,532663,India
409,Adelind,Haggata,ahaggatabc@google.ca,1245378358,0 Truax Hill,Agraharam,Andhra Pradesh,532663,India
410,Markos,Glastonbury,mglastonburybd@tiny.cc,5736392312,745 Green Ridge Center,Agraharam,Andhra Pradesh,532663,India
411,Humfrid,Suffield,hsuffieldbe@nytimes.com,5993732671,1250 Division Street,Agraharam,Andhra Pradesh,532663,India
412,Hailey,Dunkerton,hdunkertonbf@java.com,6502691878,515 Aberg Avenue,Agraharam,Andhra Pradesh,532663,India
413,Aurel,Seegar,aseegarbg@behance.net,3989873090,160 Sherman Place,Agraharam,Andhra Pradesh,532663,India
414,Hally,Riquet,hriquetbh@fda.gov,7718036737,1810 Arkansas Avenue,Agraharam,Andhra Pradesh,532663,India
415,Mahmoud,Guiden,mguidenbi@wp.com,7966143879,01 Hansons Way,Agraharam,Andhra Pradesh,532663,India
416,Marius,Wyss,mwyssbj@google.nl,2212361053,475 Russell Junction,Agraharam,Andhra Pradesh,532663,India
417,Jefferey,Hagstone,jhagstonebk@china.com.cn,5941928357,6 Carberry Hill,Agraharam,Andhra Pradesh,532663,India
418,Eric,Van Niekerk,evanniekerkbl@timesonline.co.uk,4251447095,4487 Forest Run Place,Agraharam,Andhra Pradesh,532663,India
419,Anallise,Connerly,aconnerlybm@npr.org,5873585242,18 Warner Pass,Agraharam,Andhra Pradesh,532663,India
420,Darrelle,Segeswoeth,dsegeswoethbn@ox.ac.uk,5921576834,30551 Fieldstone Circle,Agraharam,Andhra Pradesh,532663,India
421,Susann,Gimber,sgimberbo@desdev.cn,6063601183,354 Stuart Junction,Agraharam,Andhra Pradesh,532663,India
422,Christiana,Sweeny,csweenybp@weather.com,9009217531,375 3rd Court,Agraharam,Andhra Pradesh,532663,India
423,Mart,Belliard,mbelliardbq@gmpg.org,6278289897,11 Pepper Wood Court,Agraharam,Andhra Pradesh,532663,India
424,Welsh,Neasam,wneasambr@deliciousdays.com,2458957206,59441 Myrtle Center,Agraharam,Andhra Pradesh,532663,India
425,Row,Moden,rmodenbs@mapy.cz,5513301020,6 Dapin Court,Agraharam,Andhra Pradesh,532663,India
426,Gertruda,Lochran,glochranbt@hugedomains.com,3968908252,747 Grasskamp Drive,Agraharam,Andhra Pradesh,532663,India
427,Dorris,Padilla,dpadillabu@artisteer.com,9431866743,539 Hanover Road,Agraharam,Andhra Pradesh,532663,India
428,Hernando,Fozzard,hfozzardbv@yelp.com,5314348421,58027 Kennedy Junction,Agraharam,Andhra Pradesh,532663,India
429,Agnesse,McCaughey,amccaugheybw@istockphoto.com,8668178463,98 Manufacturers Way,Agraharam,Andhra Pradesh,532663,India
430,Kerwin,Inge,kingebx@squarespace.com,1769219681,4729 Ludington Court,Agraharam,Andhra Pradesh,532663,India
431,Dorris,Kalinke,dkalinkeby@people.com.cn,9182117180,7 Di Loreto Drive,Agraharam,Andhra Pradesh,532663,India
432,Dahlia,Napier,dnapierbz@behance.net,6376005222,2 Toban Center,Agraharam,Andhra Pradesh,532663,India
433,Wainwright,Wahncke,wwahnckec0@desdev.cn,8248403492,5644 Sage Parkway,Agraharam,Andhra Pradesh,532663,India
434,Bondon,Thompson,bthompsonc1@businessweek.com,5605195963,695 Kipling Drive,Agraharam,Andhra Pradesh,532663,India
435,Janet,Huyghe,jhuyghec2@123-reg.co.uk,4973362641,2 Hansons Alley,Agraharam,Andhra Pradesh,532663,India
436,Misti,Birkin,mbirkinc3@dot.gov,5493651464,493 Eastlawn Junction,Agraharam,Andhra Pradesh,532663,India
437,Cynthie,Danihelka,cdanihelkac4@dailymail.co.uk,7951209699,21202 Charing Cross Road,Agraharam,Andhra Pradesh,532663,India
438,Orsa,Wynett,owynettc5@1und1.de,8941779048,59 Maple Court,Agraharam,Andhra Pradesh,532663,India
439,Foss,Burds,fburdsc6@uol.com.br,2229511396,5453 Maywood Drive,Agraharam,Andhra Pradesh,532663,India
440,Riordan,Bolmann,rbolmannc7@gravatar.com,3822397117,32761 Bunting Hill,Agraharam,Andhra Pradesh,532663,India
441,Udale,Patters,upattersc8@cbc.ca,6956327156,3514 Heffernan Plaza,Agraharam,Andhra Pradesh,532663,India
442,Koenraad,Wellum,kwellumc9@msu.edu,5807137170,942 Heffernan Street,Agraharam,Andhra Pradesh,532663,India
443,Kristyn,Chipps,kchippsca@imgur.com,9978866646,308 Artisan Court,Agraharam,Andhra Pradesh,532663,India
444,Kelcie,Livingston,klivingstoncb@geocities.com,3602715332,9283 Anhalt Terrace,Agraharam,Andhra Pradesh,532663,India
445,Tamara,Oaks,toakscc@4shared.com,6645267913,453 Summit Court,Agraharam,Andhra Pradesh,532663,India
446,Darb,Ilsley,dilsleycd@diigo.com,4006578651,8 Hagan Crossing,Agraharam,Andhra Pradesh,532663,India
447,Brooke,Lace,blacece@ibm.com,8992680812,5 Eagle Crest Way,Agraharam,Andhra Pradesh,532663,India
448,Dorrie,Randle,drandlecf@gov.uk,4667952070,81 Prentice Plaza,Agraharam,Andhra Pradesh,532663,India
449,Seumas,Witsey,switseycg@theglobeandmail.com,2259007623,0 Hoepker Parkway,Agraharam,Andhra Pradesh,532663,India
450,Bobina,Pedley,bpedleych@twitter.com,6755085921,9149 Summit Center,Agraharam,Andhra Pradesh,532663,India
451,Wittie,Beetham,wbeethamci@telegraph.co.uk,1155802095,9 Laurel Terrace,Agraharam,Andhra Pradesh,532663,India
452,Alyson,Olesen,aolesencj@nbcnews.com,3607473587,34370 8th Drive,Agraharam,Andhra Pradesh,532663,India
453,Talyah,Harback,tharbackck@microsoft.com,4189284380,84575 Bultman Parkway,Agraharam,Andhra Pradesh,532663,India
454,Rodolph,Zellick,rzellickcl@pbs.org,1817829435,1181 Jay Avenue,Agraharam,Andhra Pradesh,532663,India
455,Terri-jo,Biner,tbinercm@deliciousdays.com,7655758484,2224 Bunting Park,Agraharam,Andhra Pradesh,532663,India
456,Adelaida,Crevy,acrevycn@marriott.com,3261921018,63 Bluestem Pass,Agraharam,Andhra Pradesh,532663,India
457,Cristionna,Brane,cbraneco@senate.gov,1136882309,80404 Valley Edge Hill,Agraharam,Andhra Pradesh,532663,India
458,Lanny,Jeffery,ljefferycp@infoseek.co.jp,1423421223,579 Hovde Terrace,Agraharam,Andhra Pradesh,532663,India
459,Phedra,Kerley,pkerleycq@cargocollective.com,5172448004,309 Old Gate Circle,Agraharam,Andhra Pradesh,532663,India
460,Barbey,Crothers,bcrotherscr@bluehost.com,2018363729,93 Ridgeview Road,Agraharam,Andhra Pradesh,532663,India
461,Hi,Furmagier,hfurmagiercs@ehow.com,8826271555,8486 International Junction,Agraharam,Andhra Pradesh,532663,India
462,Milzie,Feaks,mfeaksct@altervista.org,5612445701,8 Springs Circle,Agraharam,Andhra Pradesh,532663,India
463,Melosa,Klaes,mklaescu@paginegialle.it,1986608526,2 Columbus Junction,Agraharam,Andhra Pradesh,532663,India
464,Raffarty,Thorndale,rthorndalecv@51.la,4649139614,9 Kim Way,Agraharam,Andhra Pradesh,532663,India
465,Bryant,Seabourne,bseabournecw@jugem.jp,7538239018,66481 Bellgrove Parkway,Agraharam,Andhra Pradesh,532663,India
466,Alissa,Semiras,asemirascx@de.vu,6357819651,53 Green Ridge Drive,Agraharam,Andhra Pradesh,532663,India
467,Jerri,McArthur,jmcarthurcy@shareasale.com,3147971650,5283 Meadow Vale Place,Agraharam,Andhra Pradesh,532663,India
468,Nealon,Roger,nrogercz@blogger.com,9328221037,7 Chinook Street,Agraharam,Andhra Pradesh,532663,India
469,Richmond,Glenwright,rglenwrightd0@g.co,6141072109,72399 Sachtjen Park,Agraharam,Andhra Pradesh,532663,India
470,Lily,Gidden,lgiddend1@plala.or.jp,7893297449,68 Rigney Point,Agraharam,Andhra Pradesh,532663,India
471,Abdel,Radloff,aradloffd2@cyberchimps.com,7107376063,23 Burning Wood Parkway,Agraharam,Andhra Pradesh,532663,India
472,Luelle,La Wille,llawilled3@feedburner.com,4217105695,98 Vera Park,Agraharam,Andhra Pradesh,532663,India
473,Carlen,Quartly,cquartlyd4@reddit.com,8634762837,6 Fremont Place,Agraharam,Andhra Pradesh,532663,India
474,Shana,Saller,ssallerd5@jalbum.net,8666358465,5 Bartelt Road,Agraharam,Andhra Pradesh,532663,India
475,Bartlett,Inston,binstond6@imgur.com,1153166116,638 Mitchell Trail,Agraharam,Andhra Pradesh,532663,India
476,Krissie,Brittle,kbrittled7@cmu.edu,9532522721,621 Almo Road,Agraharam,Andhra Pradesh,532663,India
477,Marlena,McNelis,mmcnelisd8@ft.com,6144962933,2 Eastlawn Trail,Agraharam,Andhra Pradesh,532663,India
478,Taryn,Dabs,tdabsd9@miitbeian.gov.cn,4498648358,55 Hayes Parkway,Agraharam,Andhra Pradesh,532663,India
479,Valdemar,Bearward,vbearwardda@ihg.com,1954235336,8 Northport Plaza,Agraharam,Andhra Pradesh,532663,India
480,Lydon,Sein,lseindb@google.co.uk,4586755774,28765 Starling Avenue,Agraharam,Andhra Pradesh,532663,India
481,Amerigo,Francombe,afrancombedc@springer.com,5502087637,400 Caliangt Trail,Agraharam,Andhra Pradesh,532663,India
482,Ike,Gulleford,igulleforddd@cbc.ca,4547881627,2730 Summit Point,Agraharam,Andhra Pradesh,532663,India
483,Homerus,Ashwell,hashwellde@bizjournals.com,8485497792,6416 Messerschmidt Park,Agraharam,Andhra Pradesh,532663,India
484,Emmett,Pirouet,epirouetdf@yellowpages.com,4918910002,4 Rowland Junction,Agraharam,Andhra Pradesh,532663,India
485,Aymer,Bothram,abothramdg@technorati.com,2685843635,20 Loftsgordon Parkway,Agraharam,Andhra Pradesh,532663,India
486,Fraser,MacDougal,fmacdougaldh@nps.gov,4151585038,765 Golf Park,Agraharam,Andhra Pradesh,532663,India
487,Murial,Batcock,mbatcockdi@github.com,2881285560,10 Glendale Drive,Agraharam,Andhra Pradesh,532663,India
488,Bernice,Wymer,bwymerdj@home.pl,3561561252,638 Sloan Lane,Agraharam,Andhra Pradesh,532663,India
489,Alvie,Dabrowski,adabrowskidk@diigo.com,9059892906,5707 Birchwood Lane,Agraharam,Andhra Pradesh,532663,India
490,Hamilton,Jakubowski,hjakubowskidl@vk.com,8249988319,023 Texas Hill,Agraharam,Andhra Pradesh,532663,India
491,Trudi,Mathewes,tmathewesdm@jalbum.net,6303633674,04 Delaware Drive,Agraharam,Andhra Pradesh,532663,India
492,Orelle,Keilty,okeiltydn@yale.edu,4097607785,83 Bunker Hill Street,Agraharam,Andhra Pradesh,532663,India
493,Angelika,McMylor,amcmylordo@amazonaws.com,1108000852,3 Mariners Cove Drive,Agraharam,Andhra Pradesh,532663,India
494,Jacki,Diss,jdissdp@parallels.com,9129143613,1 Superior Park,Agraharam,Andhra Pradesh,532663,India
495,Bernardine,Tournie,btourniedq@list-manage.com,4732776586,957 Thompson Trail,Agraharam,Andhra Pradesh,532663,India
496,Sheridan,Jentin,sjentindr@wikia.com,1372586332,98 Forest Dale Crossing,Agraharam,Andhra Pradesh,532663,India
497,Goldi,Bodd,gboddds@multiply.com,8869191837,6708 Declaration Terrace,Agraharam,Andhra Pradesh,532663,India
498,Rhett,Josefsohn,rjosefsohndt@si.edu,7479603184,1 Roxbury Pass,Agraharam,Andhra Pradesh,532663,India
499,Daile,Folliott,dfolliottdu@indiatimes.com,1969001121,3589 Weeping Birch Street,Agraharam,Andhra Pradesh,532663,India
500,Cully,Adamides,cadamidesdv@pbs.org,1534508399,96 Dennis Lane,Agraharam,Andhra Pradesh,532663,India
501,Ebenezer,Bechley,ebechleydw@columbia.edu,7466721131,6108 Linden Park,Agraharam,Andhra Pradesh,532663,India
502,Nelle,Ryves,nryvesdx@geocities.com,3795643213,99 Ruskin Way,Agraharam,Andhra Pradesh,532663,India
503,Ruth,Scamel,rscameldy@nature.com,1996292897,41 Dennis Way,Agraharam,Andhra Pradesh,532663,India
504,Ruth,Spurret,rspurretdz@psu.edu,3607863321,1 Nelson Junction,Agraharam,Andhra Pradesh,532663,India
505,Tynan,Rubinivitz,trubinivitze0@vk.com,2294156764,74 Riverside Center,Agraharam,Andhra Pradesh,532663,India
506,Chryste,Bradborne,cbradbornee1@twitter.com,7376182966,8077 Laurel Plaza,Agraharam,Andhra Pradesh,532663,India
507,Odele,Baumann,obaumanne2@hatena.ne.jp,1226560529,797 Briar Crest Lane,Agraharam,Andhra Pradesh,532663,India
508,Bram,Jillis,bjillise3@gravatar.com,1793377317,72 Nevada Lane,Agraharam,Andhra Pradesh,532663,India
509,Sid,Pamment,spammente4@pagesperso-orange.fr,2606522542,660 Esker Plaza,Agraharam,Andhra Pradesh,532663,India
510,Yelena,Ebbing,yebbinge5@webmd.com,1594234407,359 Kipling Street,Agraharam,Andhra Pradesh,532663,India
511,Abelard,Thurling,athurlinge6@icq.com,1022717378,4417 Mcbride Terrace,Agraharam,Andhra Pradesh,532663,India
512,Rufe,Summerbell,rsummerbelle7@prnewswire.com,5989879819,30 Marquette Lane,Agraharam,Andhra Pradesh,532663,India
513,Ulberto,Babber,ubabbere8@vimeo.com,6877744998,3 Little Fleur Plaza,Agraharam,Andhra Pradesh,532663,India
514,Beck,Shrimpton,bshrimptone9@acquirethisname.com,4786547569,79545 Almo Plaza,Agraharam,Andhra Pradesh,532663,India
515,Waylin,Jayne,wjayneea@wsj.com,9262933350,8 Anhalt Parkway,Agraharam,Andhra Pradesh,532663,India
516,Tabby,Bridywater,tbridywatereb@weibo.com,4439613559,3824 Golf View Drive,Agraharam,Andhra Pradesh,532663,India
517,Legra,Reoch,lreochec@studiopress.com,3878616964,5 Utah Plaza,Agraharam,Andhra Pradesh,532663,India
518,Mischa,Farncombe,mfarncombeed@hugedomains.com,6264177352,88948 Katie Terrace,Agraharam,Andhra Pradesh,532663,India
519,Dan,Barbosa,dbarbosaee@unc.edu,9831612979,702 Lakewood Park,Agraharam,Andhra Pradesh,532663,India
520,Leigha,Brasier,lbrasieref@ehow.com,1071352117,9939 Monument Alley,Agraharam,Andhra Pradesh,532663,India
521,Colin,Targett,ctargetteg@sina.com.cn,7243838513,05 Steensland Plaza,Agraharam,Andhra Pradesh,532663,India
522,Mitch,Zaniolini,mzaniolinieh@bigcartel.com,4584625144,50 Schlimgen Hill,Agraharam,Andhra Pradesh,532663,India
523,Eugine,Broadbridge,ebroadbridgeei@example.com,3029392582,154 Grasskamp Avenue,Agraharam,Andhra Pradesh,532663,India
524,Renault,Brooke,rbrookeej@redcross.org,4358899534,6 Southridge Circle,Agraharam,Andhra Pradesh,532663,India
525,Judah,Callendar,jcallendarek@angelfire.com,2656769816,6 Gateway Lane,Agraharam,Andhra Pradesh,532663,India
526,Winny,McCaffery,wmccafferyel@constantcontact.com,8871190748,18 Jenna Plaza,Agraharam,Andhra Pradesh,532663,India
527,Claire,Thurlby,cthurlbyem@chron.com,3384500260,5 Crest Line Circle,Agraharam,Andhra Pradesh,532663,India
528,Jeth,Aberdein,jaberdeinen@blog.com,3436107926,7 Glacier Hill Alley,Agraharam,Andhra Pradesh,532663,India
529,Lexy,Levesley,llevesleyeo@columbia.edu,6555587028,95 Sheridan Plaza,Agraharam,Andhra Pradesh,532663,India
530,Lorant,Pidgeon,lpidgeonep@google.de,2226760973,2 Express Court,Agraharam,Andhra Pradesh,532663,India
531,Michele,Fludder,mfluddereq@a8.net,1083295983,07 Sutteridge Lane,Agraharam,Andhra Pradesh,532663,India
532,Taylor,Swayton,tswaytoner@list-manage.com,1385639903,72 Oxford Parkway,Agraharam,Andhra Pradesh,532663,India
533,Athena,Piggot,apiggotes@ovh.net,9307192091,8293 Kings Lane,Agraharam,Andhra Pradesh,532663,India
534,Izzy,Cromb,icrombet@barnesandnoble.com,3632725162,99 Westridge Court,Agraharam,Andhra Pradesh,532663,India
535,Carl,Dyment,cdymenteu@marketwatch.com,7039392066,57498 Basil Alley,Agraharam,Andhra Pradesh,532663,India
536,Gallard,Mattek,gmattekev@java.com,9562816065,74348 Pine View Avenue,Agraharam,Andhra Pradesh,532663,India
537,Lavinie,Northfield,lnorthfieldew@si.edu,3855511792,6893 Manitowish Trail,Agraharam,Andhra Pradesh,532663,India
538,Ian,Hubbard,ihubbardex@hibu.com,4628529353,02 Boyd Place,Agraharam,Andhra Pradesh,532663,India
539,Christopher,Chadwen,cchadweney@hostgator.com,9237749664,7591 Jenna Avenue,Agraharam,Andhra Pradesh,532663,India
540,Bobbee,Inchcomb,binchcombez@hp.com,9009614621,7168 Moulton Street,Agraharam,Andhra Pradesh,532663,India
541,Nickolaus,Ashfold,nashfoldf0@blogger.com,7063263290,523 Pawling Place,Agraharam,Andhra Pradesh,532663,India
542,Raynard,McPhelimy,rmcphelimyf1@yahoo.com,9721139484,22 Eggendart Way,Agraharam,Andhra Pradesh,532663,India
543,Philbert,Tempest,ptempestf2@moonfruit.com,3183000809,815 Waubesa Lane,Agraharam,Andhra Pradesh,532663,India
544,Arnuad,Robuchon,arobuchonf3@posterous.com,4912125103,7 Marcy Plaza,Agraharam,Andhra Pradesh,532663,India
545,Maddie,Rydings,mrydingsf4@tripod.com,1284532575,9612 Hanover Park,Agraharam,Andhra Pradesh,532663,India
546,Deeyn,Bonnell,dbonnellf5@yelp.com,5586794649,5 Pine View Court,Agraharam,Andhra Pradesh,532663,India
547,Karol,Denty,kdentyf6@angelfire.com,6427806209,8 Sloan Avenue,Agraharam,Andhra Pradesh,532663,India
548,Carmine,Bowie,cbowief7@studiopress.com,5045766926,4242 Morrow Circle,Agraharam,Andhra Pradesh,532663,India
549,Clemmie,Stolze,cstolzef8@wp.com,7374919824,1 Lighthouse Bay Drive,Agraharam,Andhra Pradesh,532663,India
550,Juli,Erskine,jerskinef9@chronoengine.com,1388508648,5 Northport Trail,Agraharam,Andhra Pradesh,532663,India
551,Shalom,Keywood,skeywoodfa@ihg.com,6404645636,52 Hagan Parkway,Agraharam,Andhra Pradesh,532663,India
552,Tann,Ixer,tixerfb@examiner.com,9707403903,5 Cascade Junction,Agraharam,Andhra Pradesh,532663,India
553,Cassandry,Derby,cderbyfc@dagondesign.com,9205204141,07 Arkansas Place,Agraharam,Andhra Pradesh,532663,India
554,Cordelie,Oakly,coaklyfd@plala.or.jp,2537365816,96 Gina Park,Agraharam,Andhra Pradesh,532663,India
555,Joni,Kurdani,jkurdanife@domainmarket.com,3564136060,0 Oak Valley Street,Agraharam,Andhra Pradesh,532663,India
556,Nydia,McCarter,nmccarterff@globo.com,8437658451,62776 Orin Street,Agraharam,Andhra Pradesh,532663,India
557,Courtnay,Passion,cpassionfg@scientificamerican.com,3766862834,6224 Hanover Center,Agraharam,Andhra Pradesh,532663,India
558,Stormy,Meadowcraft,smeadowcraftfh@mit.edu,9125440396,785 Glacier Hill Street,Agraharam,Andhra Pradesh,532663,India
559,Che,Espinosa,cespinosafi@123-reg.co.uk,3387594437,910 Spenser Pass,Agraharam,Andhra Pradesh,532663,India
560,Tome,Kuschel,tkuschelfj@china.com.cn,8126351444,68 Sauthoff Pass,Agraharam,Andhra Pradesh,532663,India
561,Ezra,Timblett,etimblettfk@acquirethisname.com,2951089175,54263 Service Court,Agraharam,Andhra Pradesh,532663,India
562,Valerie,Ervin,vervinfl@google.com,3576156197,5 Debra Court,Agraharam,Andhra Pradesh,532663,India
563,Lise,Bayliss,lbaylissfm@1688.com,5656191621,105 Dapin Terrace,Agraharam,Andhra Pradesh,532663,India
564,Morley,Du Fray,mdufrayfn@networksolutions.com,4678348798,8 Tennyson Crossing,Agraharam,Andhra Pradesh,532663,India
565,Tracey,Postlethwaite,tpostlethwaitefo@scribd.com,9924274635,20 High Crossing Plaza,Agraharam,Andhra Pradesh,532663,India
566,Babs,Purse,bpursefp@vinaora.com,8828084225,24 Kedzie Plaza,Agraharam,Andhra Pradesh,532663,India
567,Caresa,Outram,coutramfq@dmoz.org,5996590245,4 Brentwood Place,Agraharam,Andhra Pradesh,532663,India
568,Malanie,Kincey,mkinceyfr@privacy.gov.au,1777887676,79967 Miller Circle,Agraharam,Andhra Pradesh,532663,India
569,Augustina,Matteini,amatteinifs@eepurl.com,7721809661,33557 Hoard Junction,Agraharam,Andhra Pradesh,532663,India
570,Janelle,Greenacre,jgreenacreft@jugem.jp,7236090950,84285 Shasta Alley,Agraharam,Andhra Pradesh,532663,India
571,Gertrude,Fernley,gfernleyfu@webs.com,5747075451,939 Eliot Court,Agraharam,Andhra Pradesh,532663,India
572,Anderea,Ajean,aajeanfv@bloglovin.com,4527592485,82350 American Plaza,Agraharam,Andhra Pradesh,532663,India
573,Alonzo,Grieves,agrievesfw@usgs.gov,1335589200,60108 Maple Crossing,Agraharam,Andhra Pradesh,532663,India
574,Catherin,Tchaikovsky,ctchaikovskyfx@scientificamerican.com,5662717267,8121 Hoffman Crossing,Agraharam,Andhra Pradesh,532663,India
575,Coreen,Grigoryev,cgrigoryevfy@infoseek.co.jp,7899533416,2082 Shasta Lane,Agraharam,Andhra Pradesh,532663,India
576,Phillipe,Darco,pdarcofz@tamu.edu,4666117542,11 Canary Way,Agraharam,Andhra Pradesh,532663,India
577,Terrill,Cratere,tcratereg0@etsy.com,3732756237,74100 Mallard Road,Agraharam,Andhra Pradesh,532663,India
578,Chloris,Darte,cdarteg1@technorati.com,8368579466,999 Stang Junction,Agraharam,Andhra Pradesh,532663,India
579,Bonita,Jevon,bjevong2@imdb.com,1002448061,7 Ohio Alley,Agraharam,Andhra Pradesh,532663,India
580,Jonis,Trorey,jtroreyg3@imageshack.us,9356894185,8 Continental Center,Agraharam,Andhra Pradesh,532663,India
581,Tiphanie,Bowers,tbowersg4@elegantthemes.com,7093970048,28542 Summit Junction,Agraharam,Andhra Pradesh,532663,India
582,Shanna,Kean,skeang5@forbes.com,7276173576,7764 Sauthoff Crossing,Agraharam,Andhra Pradesh,532663,India
583,Roze,Gopsell,rgopsellg6@disqus.com,3865343283,28827 Lake View Pass,Agraharam,Andhra Pradesh,532663,India
584,Jemie,Haile,jhaileg7@wikipedia.org,5138347300,6239 Ruskin Way,Agraharam,Andhra Pradesh,532663,India
585,Gaile,Jedryka,gjedrykag8@who.int,4922369725,697 Gateway Alley,Agraharam,Andhra Pradesh,532663,India
586,Grove,Degoy,gdegoyg9@elpais.com,4366717109,248 Main Center,Agraharam,Andhra Pradesh,532663,India
587,Bobinette,Peggs,bpeggsga@jimdo.com,4359915952,50 Cordelia Pass,Agraharam,Andhra Pradesh,532663,India
588,Gilli,Scurry,gscurrygb@networkadvertising.org,3945654889,8 Hermina Way,Agraharam,Andhra Pradesh,532663,India
589,Neal,Matyushenko,nmatyushenkogc@yandex.ru,7852267763,7 Haas Center,Agraharam,Andhra Pradesh,532663,India
590,Asia,Vevers,aveversgd@mapquest.com,3281560230,65934 Bobwhite Court,Agraharam,Andhra Pradesh,532663,India
591,Clemmy,Montgomery,cmontgomeryge@de.vu,3796490676,14 Gulseth Plaza,Agraharam,Andhra Pradesh,532663,India
592,Abigael,Llorens,allorensgf@spotify.com,1133369952,70368 Moose Drive,Agraharam,Andhra Pradesh,532663,India
593,Shirl,Cadamy,scadamygg@rediff.com,8608973522,0 Oneill Park,Agraharam,Andhra Pradesh,532663,India
594,Quillan,Tregidga,qtregidgagh@webnode.com,7481985177,624 Summerview Lane,Agraharam,Andhra Pradesh,532663,India
595,Kyle,Flannigan,kflannigangi@skyrock.com,4571784954,8653 Hazelcrest Court,Agraharam,Andhra Pradesh,532663,India
596,Marlena,Minors,mminorsgj@canalblog.com,4278573347,27290 Columbus Pass,Agraharam,Andhra Pradesh,532663,India
597,Grethel,Meachen,gmeachengk@fc2.com,9985464000,00769 Crowley Crossing,Agraharam,Andhra Pradesh,532663,India
598,Sabina,MacCurley,smaccurleygl@baidu.com,8634951314,8880 Saint Paul Park,Agraharam,Andhra Pradesh,532663,India
599,Ogden,Manssuer,omanssuergm@pbs.org,2304792382,3908 Burrows Trail,Agraharam,Andhra Pradesh,532663,India
600,Essy,Pariss,eparissgn@symantec.com,2559818209,3056 Thompson Road,Agraharam,Andhra Pradesh,532663,India
601,Colas,Aistrop,caistropgo@va.gov,8089839687,8 Merrick Hill,Agraharam,Andhra Pradesh,532663,India
602,Karoly,Limpertz,klimpertzgp@tinypic.com,1311096675,6501 Linden Point,Agraharam,Andhra Pradesh,532663,India
603,Rockwell,Louden,rloudengq@examiner.com,2316544959,72 Hermina Road,Agraharam,Andhra Pradesh,532663,India
604,Cymbre,Tiffin,ctiffingr@qq.com,5119452472,481 Lakeland Road,Agraharam,Andhra Pradesh,532663,India
605,Hubey,Wanstall,hwanstallgs@nifty.com,8348541567,214 Reindahl Street,Agraharam,Andhra Pradesh,532663,India
606,Tamarra,Tapner,ttapnergt@google.com.hk,6119752976,57755 Cody Court,Agraharam,Andhra Pradesh,532663,India
607,Miller,Canland,mcanlandgu@joomla.org,4328857694,1 Riverside Terrace,Agraharam,Andhra Pradesh,532663,India
608,Althea,Doherty,adohertygv@engadget.com,3372837967,952 Moose Court,Agraharam,Andhra Pradesh,532663,India
609,Cecile,Robathon,crobathongw@spotify.com,7274644238,25 Garrison Plaza,Agraharam,Andhra Pradesh,532663,India
610,Tiphani,Madgin,tmadgingx@goodreads.com,7143903519,3617 Hoffman Way,Agraharam,Andhra Pradesh,532663,India
611,Joni,Kesby,jkesbygy@constantcontact.com,3669553995,75 Schmedeman Point,Agraharam,Andhra Pradesh,532663,India
612,Nari,Vautre,nvautregz@ovh.net,9019733648,720 Mallard Street,Agraharam,Andhra Pradesh,532663,India
613,Kahlil,Sparkwill,ksparkwillh0@google.it,7848589954,46 Ronald Regan Road,Agraharam,Andhra Pradesh,532663,India
614,Dyna,Dunsleve,ddunsleveh1@apple.com,5972041978,8095 Kipling Avenue,Agraharam,Andhra Pradesh,532663,India
615,Shirley,Pendlebery,spendleberyh2@economist.com,7609975283,32182 Thackeray Terrace,Agraharam,Andhra Pradesh,532663,India
616,Jill,Rizzo,jrizzoh3@tamu.edu,1755834287,631 Bowman Alley,Agraharam,Andhra Pradesh,532663,India
617,Sergeant,Stoney,sstoneyh4@sogou.com,9874652787,009 Schurz Way,Agraharam,Andhra Pradesh,532663,India
618,Adriena,Abbys,aabbysh5@instagram.com,7671349635,920 Center Circle,Agraharam,Andhra Pradesh,532663,India
619,Paquito,Allport,pallporth6@hud.gov,4108774604,813 Claremont Circle,Agraharam,Andhra Pradesh,532663,India
620,Gawen,Blunsum,gblunsumh7@unc.edu,1517284966,4188 East Alley,Agraharam,Andhra Pradesh,532663,India
621,Verne,Andryszczak,vandryszczakh8@furl.net,8186240283,43 Dayton Street,Agraharam,Andhra Pradesh,532663,India
622,Maurise,Riggert,mriggerth9@github.com,8711689557,73 Scoville Circle,Agraharam,Andhra Pradesh,532663,India
623,Vonnie,Valenta,vvalentaha@marketwatch.com,6748411930,37 Hollow Ridge Crossing,Agraharam,Andhra Pradesh,532663,India
624,Monro,Dreinan,mdreinanhb@examiner.com,3272088036,90186 Blue Bill Park Circle,Agraharam,Andhra Pradesh,532663,India
625,Drucy,Veryan,dveryanhc@wikia.com,3988996965,44067 Manitowish Trail,Agraharam,Andhra Pradesh,532663,India
626,Diane,Crompton,dcromptonhd@flickr.com,8964551453,2 Thompson Point,Agraharam,Andhra Pradesh,532663,India
627,Isidore,Foss,ifosshe@yahoo.co.jp,1846172300,96 Menomonie Junction,Agraharam,Andhra Pradesh,532663,India
628,Frederigo,Lougheid,flougheidhf@archive.org,6143976608,17 Schmedeman Crossing,Agraharam,Andhra Pradesh,532663,India
629,Meridel,Poulsen,mpoulsenhg@google.com,7757860530,6 Hooker Junction,Agraharam,Andhra Pradesh,532663,India
630,Zola,Chesterman,zchestermanhh@ca.gov,6137473996,74304 Sachs Pass,Agraharam,Andhra Pradesh,532663,India
631,Julina,Bough,jboughhi@hostgator.com,4193865348,44 Meadow Ridge Center,Agraharam,Andhra Pradesh,532663,India
632,Gerik,Trittam,gtrittamhj@cbslocal.com,4835270883,1 Rockefeller Alley,Agraharam,Andhra Pradesh,532663,India
633,Paton,Dawby,pdawbyhk@weebly.com,6117021890,5 Golf Junction,Agraharam,Andhra Pradesh,532663,India
634,Rochella,Levane,rlevanehl@blogger.com,5881428081,9 Westport Road,Agraharam,Andhra Pradesh,532663,India
635,Winston,Kener,wkenerhm@imgur.com,4575766128,5946 Nancy Drive,Agraharam,Andhra Pradesh,532663,India
636,Sarita,Cardus,scardushn@narod.ru,6422050645,809 Ryan Circle,Agraharam,Andhra Pradesh,532663,India
637,Tisha,Roles,trolesho@example.com,1192684249,52303 Michigan Place,Agraharam,Andhra Pradesh,532663,India
638,Cletis,Smieton,csmietonhp@hhs.gov,7595570167,319 Meadow Valley Plaza,Agraharam,Andhra Pradesh,532663,India
639,Fancie,Grason,fgrasonhq@army.mil,2606027264,43 Village Green Crossing,Agraharam,Andhra Pradesh,532663,India
640,Davide,Petronis,dpetronishr@disqus.com,9233101903,99 Morningstar Plaza,Agraharam,Andhra Pradesh,532663,India
641,Velvet,Wheatcroft,vwheatcrofths@storify.com,7759707320,5319 Miller Crossing,Agraharam,Andhra Pradesh,532663,India
642,Dore,Pendre,dpendreht@wikimedia.org,2156609321,023 Service Drive,Agraharam,Andhra Pradesh,532663,India
643,Kerby,Kelner,kkelnerhu@mysql.com,3209200609,78 Fulton Trail,Agraharam,Andhra Pradesh,532663,India
644,Daren,Fripp,dfripphv@unesco.org,4264773124,104 Forster Terrace,Agraharam,Andhra Pradesh,532663,India
645,Herc,Morena,hmorenahw@com.com,1955318954,69548 Carberry Lane,Agraharam,Andhra Pradesh,532663,India
646,Max,Search,msearchhx@stumbleupon.com,5406537672,731 Upham Terrace,Agraharam,Andhra Pradesh,532663,India
647,Estella,Jillions,ejillionshy@1und1.de,1874784367,0 Village Way,Agraharam,Andhra Pradesh,532663,India
648,Catherine,Sapseed,csapseedhz@virginia.edu,6944829846,895 Dwight Trail,Agraharam,Andhra Pradesh,532663,India
649,Cleve,Nequest,cnequesti0@geocities.com,3218241740,1 Declaration Pass,Agraharam,Andhra Pradesh,532663,India
650,Alexia,Matzkaitis,amatzkaitisi1@privacy.gov.au,1913136491,28701 Anzinger Court,Agraharam,Andhra Pradesh,532663,India
651,Mitchael,Sclanders,msclandersi2@unc.edu,7421230868,02 Victoria Way,Agraharam,Andhra Pradesh,532663,India
652,Irma,Grishaev,igrishaevi3@myspace.com,7019674363,7549 Monterey Alley,Agraharam,Andhra Pradesh,532663,India
653,Javier,Sobtka,jsobtkai4@google.ca,5513583861,102 Hanson Parkway,Agraharam,Andhra Pradesh,532663,India
654,Penelopa,Rawle,prawlei5@google.co.uk,9063496792,16 Buena Vista Plaza,Agraharam,Andhra Pradesh,532663,India
655,Klement,Beaufoy,kbeaufoyi6@census.gov,1262732045,06 Lawn Drive,Agraharam,Andhra Pradesh,532663,India
656,Moll,Blundell,mblundelli7@scribd.com,9383599485,64 Bayside Court,Agraharam,Andhra Pradesh,532663,India
657,Ailina,Mcettrick,amcettricki8@hexun.com,6499905967,123 Grover Terrace,Agraharam,Andhra Pradesh,532663,India
658,Nicolais,Winfred,nwinfredi9@twitpic.com,9942822716,63 Talmadge Crossing,Agraharam,Andhra Pradesh,532663,India
659,Reese,Udey,rudeyia@adobe.com,9678855590,42718 Longview Court,Agraharam,Andhra Pradesh,532663,India
660,Bordie,Davana,bdavanaib@npr.org,9427810297,553 Bellgrove Parkway,Agraharam,Andhra Pradesh,532663,India
661,Brod,Flowitt,bflowittic@utexas.edu,4505383807,1 Waubesa Court,Agraharam,Andhra Pradesh,532663,India
662,Tripp,Tuffield,ttuffieldid@chronoengine.com,9363132197,133 Pankratz Junction,Agraharam,Andhra Pradesh,532663,India
663,Fransisco,Casbolt,fcasboltie@topsy.com,2591493460,24859 Scoville Alley,Agraharam,Andhra Pradesh,532663,India
664,Ardyce,Hizir,ahizirif@cam.ac.uk,1014471064,54 Macpherson Parkway,Agraharam,Andhra Pradesh,532663,India
665,Ellyn,McCombe,emccombeig@irs.gov,5099839048,369 Golf View Hill,Agraharam,Andhra Pradesh,532663,India
666,Malissia,Songust,msongustih@moonfruit.com,1926780383,95 Bluejay Hill,Agraharam,Andhra Pradesh,532663,India
667,Dulcia,Roddam,droddamii@msu.edu,2693229726,66 Harbort Crossing,Agraharam,Andhra Pradesh,532663,India
668,Malinde,Toor,mtoorij@mtv.com,2494574283,10313 Scofield Park,Agraharam,Andhra Pradesh,532663,India
669,Mandel,Budcock,mbudcockik@free.fr,8271219553,235 Sutherland Crossing,Agraharam,Andhra Pradesh,532663,India
670,Papagena,Downe,pdowneil@youtu.be,7936634637,8 Delladonna Trail,Agraharam,Andhra Pradesh,532663,India
671,Hayley,Norres,hnorresim@alibaba.com,5352690824,35360 Spohn Avenue,Agraharam,Andhra Pradesh,532663,India
672,Mufinella,Sille,msillein@technorati.com,3791422803,4179 Mendota Lane,Agraharam,Andhra Pradesh,532663,India
673,Hewe,Van Driel,hvandrielio@eventbrite.com,4529430910,44527 Talisman Pass,Agraharam,Andhra Pradesh,532663,India
674,Kin,Tack,ktackip@nymag.com,5164345782,58 High Crossing Trail,Agraharam,Andhra Pradesh,532663,India
675,Hope,Silkston,hsilkstoniq@meetup.com,6473191684,22462 Brentwood Park,Agraharam,Andhra Pradesh,532663,India
676,Didi,Daymond,ddaymondir@paypal.com,4323304228,63407 Judy Park,Agraharam,Andhra Pradesh,532663,India
677,Clarey,Robey,crobeyis@ihg.com,2975545960,52 Fremont Junction,Agraharam,Andhra Pradesh,532663,India
678,Miranda,Swaine,mswaineit@eventbrite.com,4068734662,88831 Evergreen Trail,Agraharam,Andhra Pradesh,532663,India
679,Myrlene,Turton,mturtoniu@cnet.com,1398021890,742 Iowa Street,Agraharam,Andhra Pradesh,532663,India
680,Jon,Fleischmann,jfleischmanniv@youtube.com,5571536750,1962 Hovde Center,Agraharam,Andhra Pradesh,532663,India
681,Guinna,Poytres,gpoytresiw@skyrock.com,2758514073,2140 Bartelt Pass,Agraharam,Andhra Pradesh,532663,India
682,Whitney,Venes,wvenesix@desdev.cn,7687940295,62719 Barby Alley,Agraharam,Andhra Pradesh,532663,India
683,Durward,Condliffe,dcondliffeiy@prweb.com,1709408612,9 Farragut Plaza,Agraharam,Andhra Pradesh,532663,India
684,Hazlett,Feige,hfeigeiz@techcrunch.com,7485616661,289 Fulton Road,Agraharam,Andhra Pradesh,532663,India
685,Bibby,Farraway,bfarrawayj0@4shared.com,6935321978,2494 Holy Cross Park,Agraharam,Andhra Pradesh,532663,India
686,Bogart,Judkins,bjudkinsj1@gov.uk,9931831192,69479 Reindahl Park,Agraharam,Andhra Pradesh,532663,India
687,Judye,Brend,jbrendj2@kickstarter.com,7226504671,8202 Oxford Avenue,Agraharam,Andhra Pradesh,532663,India
688,Sofie,Staley,sstaleyj3@oaic.gov.au,2905875608,3741 Cardinal Trail,Agraharam,Andhra Pradesh,532663,India
689,Kinsley,Gullick,kgullickj4@simplemachines.org,1926913271,2264 Hollow Ridge Court,Agraharam,Andhra Pradesh,532663,India
690,Camala,Laugier,claugierj5@europa.eu,1949290673,13462 Little Fleur Terrace,Agraharam,Andhra Pradesh,532663,India
691,Delainey,Grimsey,dgrimseyj6@reference.com,1002473505,98 Mandrake Alley,Agraharam,Andhra Pradesh,532663,India
692,April,Tasseler,atasselerj7@qq.com,4126019551,6 Merry Hill,Agraharam,Andhra Pradesh,532663,India
693,Tucky,Barbour,tbarbourj8@unicef.org,8524366339,1985 Dennis Place,Agraharam,Andhra Pradesh,532663,India
694,Michele,Tesdale,mtesdalej9@marriott.com,5558911359,5940 Lakewood Gardens Lane,Agraharam,Andhra Pradesh,532663,India
695,Jeremy,Crampin,jcrampinja@toplist.cz,4086644843,21 Macpherson Terrace,Agraharam,Andhra Pradesh,532663,India
696,Lily,Galiero,lgalierojb@mashable.com,5402018960,0073 Schurz Way,Agraharam,Andhra Pradesh,532663,India
697,Belia,Wimbridge,bwimbridgejc@paypal.com,1706136163,9 Village Green Place,Agraharam,Andhra Pradesh,532663,India
698,Corbett,Pudsall,cpudsalljd@hud.gov,6364902381,9147 Sommers Trail,Agraharam,Andhra Pradesh,532663,India
699,Marietta,Bernon,mbernonje@amazon.co.jp,5022265052,19 Grover Parkway,Agraharam,Andhra Pradesh,532663,India
700,Norine,Milnes,nmilnesjf@homestead.com,6857554626,876 West Crossing,Agraharam,Andhra Pradesh,532663,India
701,Mozes,Lilleyman,mlilleymanjg@illinois.edu,8474941437,4032 Amoth Circle,Agraharam,Andhra Pradesh,532663,India
702,Mace,Gledstane,mgledstanejh@123-reg.co.uk,7045762148,04561 Warbler Road,Agraharam,Andhra Pradesh,532663,India
703,Cheryl,Courtliff,ccourtliffji@opera.com,8029404703,684 Eagle Crest Park,Agraharam,Andhra Pradesh,532663,India
704,Jonathon,Karolczyk,jkarolczykjj@studiopress.com,4782383310,832 Del Sol Lane,Agraharam,Andhra Pradesh,532663,India
705,Dorothea,Valdes,dvaldesjk@tinypic.com,1299050824,528 Derek Crossing,Agraharam,Andhra Pradesh,532663,India
706,Kailey,Baillie,kbailliejl@omniture.com,9816147170,403 Corben Terrace,Agraharam,Andhra Pradesh,532663,India
707,Giusto,Red,gredjm@gov.uk,5729361992,42 Michigan Parkway,Agraharam,Andhra Pradesh,532663,India
708,Englebert,Durtnel,edurtneljn@nature.com,6039242290,00429 La Follette Avenue,Agraharam,Andhra Pradesh,532663,India
709,Luce,Klink,lklinkjo@google.nl,9557937541,88826 Sullivan Drive,Agraharam,Andhra Pradesh,532663,India
710,Nissy,Andreaccio,nandreacciojp@constantcontact.com,9524320650,2 Nancy Point,Agraharam,Andhra Pradesh,532663,India
711,Sumner,Shakle,sshaklejq@mashable.com,7873256623,9207 Northland Park,Agraharam,Andhra Pradesh,532663,India
712,Elbert,Starte,estartejr@xing.com,9399449245,3473 Kedzie Way,Agraharam,Andhra Pradesh,532663,India
713,Winston,Huntar,whuntarjs@nhs.uk,6844902858,489 Rigney Alley,Agraharam,Andhra Pradesh,532663,India
714,Paulita,Konke,pkonkejt@issuu.com,1156327575,6942 Waywood Trail,Agraharam,Andhra Pradesh,532663,India
715,Ardys,Emma,aemmaju@apache.org,5933083170,36 Golf View Court,Agraharam,Andhra Pradesh,532663,India
716,Netta,Benaine,nbenainejv@pen.io,3966568972,908 Orin Lane,Agraharam,Andhra Pradesh,532663,India
717,Lockwood,McGrah,lmcgrahjw@cisco.com,9666076913,67 Northland Alley,Agraharam,Andhra Pradesh,532663,India
718,Burlie,Costan,bcostanjx@nbcnews.com,7026455136,4 Thierer Hill,Agraharam,Andhra Pradesh,532663,India
719,Virgilio,Rappa,vrappajy@sphinn.com,1726159911,6 Milwaukee Point,Agraharam,Andhra Pradesh,532663,India
720,Ingrim,Ennever,ienneverjz@tmall.com,7469973840,63 Clyde Gallagher Alley,Agraharam,Andhra Pradesh,532663,India
721,Darleen,Leonarde,dleonardek0@sakura.ne.jp,1142412592,6 Linden Pass,Agraharam,Andhra Pradesh,532663,India
722,Carrol,Rumgay,crumgayk1@i2i.jp,1056417676,086 Old Gate Point,Agraharam,Andhra Pradesh,532663,India
723,Roz,Chaudron,rchaudronk2@shutterfly.com,2471539139,631 Kennedy Hill,Agraharam,Andhra Pradesh,532663,India
724,Hetti,Rickerby,hrickerbyk3@odnoklassniki.ru,1634323533,56638 Iowa Alley,Agraharam,Andhra Pradesh,532663,India
725,Kerianne,McGeaney,kmcgeaneyk4@newyorker.com,9414881465,9655 Roth Alley,Agraharam,Andhra Pradesh,532663,India
726,Burnard,Thirlwell,bthirlwellk5@comcast.net,7129147601,70 Florence Terrace,Agraharam,Andhra Pradesh,532663,India
727,Piggy,Pleavin,ppleavink6@exblog.jp,6266651071,5897 Starling Alley,Agraharam,Andhra Pradesh,532663,India
728,Imogen,Basson,ibassonk7@time.com,5241179975,40351 Amoth Lane,Agraharam,Andhra Pradesh,532663,India
729,Bethanne,Maxfield,bmaxfieldk8@digg.com,6396393354,89272 Continental Court,Agraharam,Andhra Pradesh,532663,India
730,Corrie,De Launde,cdelaundek9@japanpost.jp,6943106212,41539 Del Sol Avenue,Agraharam,Andhra Pradesh,532663,India
731,Tandy,Ollarenshaw,tollarenshawka@walmart.com,3191733000,9 Anzinger Hill,Agraharam,Andhra Pradesh,532663,India
732,Ashley,Bromhead,abromheadkb@ftc.gov,8821549176,488 Kim Drive,Agraharam,Andhra Pradesh,532663,India
733,Aurelie,Tenpenny,atenpennykc@netvibes.com,5699358121,2459 Golf View Terrace,Agraharam,Andhra Pradesh,532663,India
734,Meaghan,Bonner,mbonnerkd@infoseek.co.jp,8752419151,719 Delaware Parkway,Agraharam,Andhra Pradesh,532663,India
735,Bordie,Zeal,bzealke@marketwatch.com,4391691661,0 Cherokee Drive,Agraharam,Andhra Pradesh,532663,India
736,Grethel,Longland,glonglandkf@fema.gov,5797932158,5125 Mallory Plaza,Agraharam,Andhra Pradesh,532663,India
737,Georgianne,Dongate,gdongatekg@patch.com,5146242234,08 Ryan Place,Agraharam,Andhra Pradesh,532663,India
738,Valeda,Cottee,vcotteekh@unblog.fr,2633047460,0 Rieder Trail,Agraharam,Andhra Pradesh,532663,India
739,Siegfried,Sant,ssantki@dion.ne.jp,9757935193,1540 Victoria Alley,Agraharam,Andhra Pradesh,532663,India
740,Chickie,Annable,cannablekj@yahoo.co.jp,8961254366,2093 Little Fleur Plaza,Agraharam,Andhra Pradesh,532663,India
741,Zitella,Bruno,zbrunokk@cnet.com,7501016211,8 5th Pass,Agraharam,Andhra Pradesh,532663,India
742,Kial,Ambrus,kambruskl@123-reg.co.uk,8215540522,5 Hansons Trail,Agraharam,Andhra Pradesh,532663,India
743,Frayda,Keller,fkellerkm@wikia.com,3035046186,7 Division Center,Agraharam,Andhra Pradesh,532663,India
744,Scarface,Cottu,scottukn@istockphoto.com,4314611840,6656 Walton Crossing,Agraharam,Andhra Pradesh,532663,India
745,Felizio,Guye,fguyeko@godaddy.com,9036639356,05140 Fallview Lane,Agraharam,Andhra Pradesh,532663,India
746,Zed,Sibthorp,zsibthorpkp@kickstarter.com,6637872448,1 Reindahl Center,Agraharam,Andhra Pradesh,532663,India
747,Krissy,Udall,kudallkq@cbslocal.com,4397282137,6 Mandrake Center,Agraharam,Andhra Pradesh,532663,India
748,Kirk,Hellsdon,khellsdonkr@mac.com,2671733109,924 1st Center,Agraharam,Andhra Pradesh,532663,India
749,Ginger,Kennett,gkennettks@stumbleupon.com,9827503363,9477 Kipling Plaza,Agraharam,Andhra Pradesh,532663,India
750,Roseanna,Ratray,rratraykt@cornell.edu,2798540220,2925 Rockefeller Pass,Agraharam,Andhra Pradesh,532663,India
751,Mick,Ragbourne,mragbourneku@friendfeed.com,4369834654,54530 Northland Pass,Agraharam,Andhra Pradesh,532663,India
752,Karalee,Alexandre,kalexandrekv@unicef.org,5815593494,62104 8th Street,Agraharam,Andhra Pradesh,532663,India
753,Milly,Lamball,mlamballkw@sogou.com,5603953860,7 Pine View Court,Agraharam,Andhra Pradesh,532663,India
754,Dene,Saberton,dsabertonkx@cbc.ca,1033649463,478 Tomscot Alley,Agraharam,Andhra Pradesh,532663,India
755,Minnnie,Hirth,mhirthky@stanford.edu,2791972110,54357 Donald Place,Agraharam,Andhra Pradesh,532663,India
756,Alfreda,Burnep,aburnepkz@dedecms.com,6575966798,86502 Morningstar Point,Agraharam,Andhra Pradesh,532663,India
757,Anny,Lamb-shine,alambshinel0@ft.com,2158821874,29569 Aberg Avenue,Agraharam,Andhra Pradesh,532663,India
758,See,Wales,swalesl1@businesswire.com,7031064197,5 Delladonna Court,Agraharam,Andhra Pradesh,532663,India
759,Ianthe,Biglin,ibiglinl2@imdb.com,6683975194,45793 4th Trail,Agraharam,Andhra Pradesh,532663,India
760,Cortie,Hutton,chuttonl3@dagondesign.com,2449482861,2279 Oakridge Way,Agraharam,Andhra Pradesh,532663,India
761,Evonne,Bellard,ebellardl4@tmall.com,5389675840,11 Larry Avenue,Agraharam,Andhra Pradesh,532663,India
762,Ignazio,Witheridge,iwitheridgel5@stanford.edu,3674041241,4660 Maryland Point,Agraharam,Andhra Pradesh,532663,India
763,Amandy,Borne,abornel6@marketwatch.com,6177805473,45849 Merchant Point,Agraharam,Andhra Pradesh,532663,India
764,Lorri,Gerrey,lgerreyl7@army.mil,6531261564,6 Bowman Drive,Agraharam,Andhra Pradesh,532663,India
765,Prince,Tompion,ptompionl8@mysql.com,8352624486,749 Hooker Court,Agraharam,Andhra Pradesh,532663,India
766,Kalil,Aslet,kasletl9@i2i.jp,4549428140,8 Carey Park,Agraharam,Andhra Pradesh,532663,India
767,Donnie,Iban,dibanla@comcast.net,9517543139,350 Cherokee Avenue,Agraharam,Andhra Pradesh,532663,India
768,Angy,Parlatt,aparlattlb@slate.com,4069544326,351 Shelley Place,Agraharam,Andhra Pradesh,532663,India
769,Derick,Woltering,dwolteringlc@nsw.gov.au,5512481993,6 Lighthouse Bay Street,Agraharam,Andhra Pradesh,532663,India
770,Tamarah,Trencher,ttrencherld@columbia.edu,6661747132,901 Moland Way,Agraharam,Andhra Pradesh,532663,India
771,Karyn,O' Sullivan,kosullivanle@apache.org,2281193902,419 Carey Road,Agraharam,Andhra Pradesh,532663,India
772,Buckie,Messum,bmessumlf@mac.com,2031433075,4023 Badeau Avenue,Agraharam,Andhra Pradesh,532663,India
773,Liv,Crannage,lcrannagelg@sitemeter.com,1626981614,3 Northview Junction,Agraharam,Andhra Pradesh,532663,India
774,Helli,Dwane,hdwanelh@samsung.com,4239039595,05844 Shopko Park,Agraharam,Andhra Pradesh,532663,India
775,Remus,Sealeaf,rsealeafli@naver.com,7419138584,4 Milwaukee Terrace,Agraharam,Andhra Pradesh,532663,India
776,Gary,Nobles,gnobleslj@ihg.com,4134433963,057 Holmberg Court,Agraharam,Andhra Pradesh,532663,India
777,Kerk,McMeyler,kmcmeylerlk@dailymail.co.uk,5678958455,73 Fallview Point,Agraharam,Andhra Pradesh,532663,India
778,Jonell,MacGarrity,jmacgarrityll@chron.com,6705380469,29751 Summit Place,Agraharam,Andhra Pradesh,532663,India
779,Elfrieda,Flanigan,eflaniganlm@home.pl,6377159895,0087 Ridge Oak Crossing,Agraharam,Andhra Pradesh,532663,India
780,Clement,Readie,creadieln@drupal.org,3965631824,2666 Division Park,Agraharam,Andhra Pradesh,532663,India
781,Aaron,Brimmicombe,abrimmicombelo@vinaora.com,2647257286,184 Birchwood Road,Agraharam,Andhra Pradesh,532663,India
782,Hillie,Shiell,hshielllp@rediff.com,5233396199,99 Farragut Park,Agraharam,Andhra Pradesh,532663,India
783,Lucius,Bewlie,lbewlielq@epa.gov,6384958227,246 Petterle Crossing,Agraharam,Andhra Pradesh,532663,India
784,Franciska,Camelia,fcamelialr@liveinternet.ru,2943054728,56905 Scofield Way,Agraharam,Andhra Pradesh,532663,India
785,Jacquelin,McGeaney,jmcgeaneyls@msu.edu,5548569784,6655 Marquette Terrace,Agraharam,Andhra Pradesh,532663,India
786,Carina,Glassborow,cglassborowlt@sbwire.com,5136994429,61910 Hoard Street,Agraharam,Andhra Pradesh,532663,India
787,Aliza,Philip,aphiliplu@t.co,3598388567,5 Bluejay Street,Agraharam,Andhra Pradesh,532663,India
788,Bonnee,Levin,blevinlv@networkadvertising.org,4577572787,76625 Coolidge Pass,Agraharam,Andhra Pradesh,532663,India
789,Dorene,Sabates,dsabateslw@walmart.com,1073307653,96 Pleasure Alley,Agraharam,Andhra Pradesh,532663,India
790,Zackariah,Domokos,zdomokoslx@amazonaws.com,4178446532,1 Mandrake Place,Agraharam,Andhra Pradesh,532663,India
791,Barbey,Beedham,bbeedhamly@chicagotribune.com,9119487330,307 Hauk Court,Agraharam,Andhra Pradesh,532663,India
792,Hortense,Clendinning,hclendinninglz@cmu.edu,6284495873,6473 Pine View Pass,Agraharam,Andhra Pradesh,532663,India
793,Matt,Nerger,mnergerm0@nytimes.com,1092896453,62213 Shelley Pass,Agraharam,Andhra Pradesh,532663,India
794,Corey,Stilgo,cstilgom1@sitemeter.com,1075680973,7781 Holmberg Point,Agraharam,Andhra Pradesh,532663,India
795,Johny,Rubenchik,jrubenchikm2@bravesites.com,7624295887,0293 Texas Lane,Agraharam,Andhra Pradesh,532663,India
796,Violante,Chifney,vchifneym3@amazon.co.uk,6746974366,04115 Sunfield Place,Agraharam,Andhra Pradesh,532663,India
797,Mychal,Christie,mchristiem4@topsy.com,5457083417,50053 Pennsylvania Circle,Agraharam,Andhra Pradesh,532663,India
798,Rayner,Greaves,rgreavesm5@discovery.com,4176653467,18399 North Street,Agraharam,Andhra Pradesh,532663,India
799,Joli,Dufoure,jdufourem6@networksolutions.com,9829671534,50 Bobwhite Parkway,Agraharam,Andhra Pradesh,532663,India
800,Garrek,Maffy,gmaffym7@nyu.edu,1365477698,287 Summerview Hill,Agraharam,Andhra Pradesh,532663,India
801,Jessamine,Swindles,jswindlesm8@google.es,5931228489,678 Moulton Lane,Agraharam,Andhra Pradesh,532663,India
802,Chance,Ramsell,cramsellm9@europa.eu,6894107219,94 Warner Pass,Agraharam,Andhra Pradesh,532663,India
803,Junina,Igoe,jigoema@myspace.com,5781574144,7 Charing Cross Place,Agraharam,Andhra Pradesh,532663,India
804,Rollo,Lecordier,rlecordiermb@godaddy.com,1535238747,991 Debra Crossing,Agraharam,Andhra Pradesh,532663,India
805,Franni,Cossons,fcossonsmc@auda.org.au,6192835163,8919 Southridge Hill,Agraharam,Andhra Pradesh,532663,India
806,Billie,Bleakley,bbleakleymd@gnu.org,1687218934,0 Continental Plaza,Agraharam,Andhra Pradesh,532663,India
807,Paolina,De Cruze,pdecruzeme@blog.com,9031764706,3 Ronald Regan Parkway,Agraharam,Andhra Pradesh,532663,India
808,Shandie,Risley,srisleymf@microsoft.com,7782181272,5 Arkansas Point,Agraharam,Andhra Pradesh,532663,India
809,Lea,Hendron,lhendronmg@sakura.ne.jp,4813116476,248 Mandrake Park,Agraharam,Andhra Pradesh,532663,India
810,Averell,Prangnell,aprangnellmh@tmall.com,3848971276,88 Elmside Parkway,Agraharam,Andhra Pradesh,532663,India
811,Ynez,Tomaselli,ytomasellimi@sciencedirect.com,6283758332,8 Bowman Junction,Agraharam,Andhra Pradesh,532663,India
812,Pascal,Mandeville,pmandevillemj@macromedia.com,6697107623,485 Quincy Court,Agraharam,Andhra Pradesh,532663,India
813,Gradeigh,Latey,glateymk@cam.ac.uk,8769576773,95980 Walton Circle,Agraharam,Andhra Pradesh,532663,India
814,Kristian,Ricardot,kricardotml@about.com,4726980418,8671 Autumn Leaf Trail,Agraharam,Andhra Pradesh,532663,India
815,Wendy,Gallety,wgalletymm@diigo.com,1689096492,46271 Everett Pass,Agraharam,Andhra Pradesh,532663,India
816,Alyda,Bellas,abellasmn@blog.com,9572091058,1925 Ridgeway Avenue,Agraharam,Andhra Pradesh,532663,India
817,Arvie,Caldera,acalderamo@quantcast.com,5559779009,48 Bluejay Trail,Agraharam,Andhra Pradesh,532663,India
818,Moria,Molineaux,mmolineauxmp@quantcast.com,6956593333,119 Main Plaza,Agraharam,Andhra Pradesh,532663,India
819,Ardene,Phippard,aphippardmq@senate.gov,4371950740,6 Quincy Point,Agraharam,Andhra Pradesh,532663,India
820,Penn,Wraighte,pwraightemr@ning.com,1709280643,70176 Green Ridge Street,Agraharam,Andhra Pradesh,532663,India
821,Woody,Mougel,wmougelms@sphinn.com,9432177528,02 Sugar Pass,Agraharam,Andhra Pradesh,532663,India
822,Leonidas,Umfrey,lumfreymt@japanpost.jp,5564256992,0 Birchwood Road,Agraharam,Andhra Pradesh,532663,India
823,Hermione,Muxworthy,hmuxworthymu@sitemeter.com,9108374189,0 American Crossing,Agraharam,Andhra Pradesh,532663,India
824,Karil,Fenna,kfennamv@symantec.com,7674776441,93 Northridge Place,Agraharam,Andhra Pradesh,532663,India
825,Kerri,Orneles,kornelesmw@wix.com,3332823354,6 North Point,Agraharam,Andhra Pradesh,532663,India
826,Angelita,Ronci,aroncimx@joomla.org,2495957869,8909 Dottie Way,Agraharam,Andhra Pradesh,532663,India
827,Phillip,Wickett,pwickettmy@constantcontact.com,3366681529,398 Village Green Center,Agraharam,Andhra Pradesh,532663,India
828,Clarine,Olyff,colyffmz@sitemeter.com,9261527992,72 Monterey Park,Agraharam,Andhra Pradesh,532663,India
829,Chicky,Herety,cheretyn0@4shared.com,7489252343,92441 Basil Hill,Agraharam,Andhra Pradesh,532663,India
830,Damara,Kittless,dkittlessn1@dagondesign.com,2053998317,59 School Crossing,Agraharam,Andhra Pradesh,532663,India
831,Odella,Raymen,oraymenn2@is.gd,7114534780,3 Fulton Way,Agraharam,Andhra Pradesh,532663,India
832,Morrie,Gostling,mgostlingn3@cisco.com,9606883974,01034 Weeping Birch Center,Agraharam,Andhra Pradesh,532663,India
833,Melonie,Roizn,mroiznn4@ca.gov,6468843780,267 Melby Plaza,Agraharam,Andhra Pradesh,532663,India
834,Ericha,Douce,edoucen5@hc360.com,3252256652,2 Clove Drive,Agraharam,Andhra Pradesh,532663,India
835,Ardelis,Polack,apolackn6@chron.com,7814247838,1107 Hovde Court,Agraharam,Andhra Pradesh,532663,India
836,Olenka,Ferreri,oferrerin7@google.com.hk,8173249519,00 Namekagon Junction,Agraharam,Andhra Pradesh,532663,India
837,Marline,Toward,mtowardn8@ihg.com,4985255858,31 Larry Trail,Agraharam,Andhra Pradesh,532663,India
838,Dallis,Keepence,dkeepencen9@freewebs.com,8856080895,81 Bluejay Court,Agraharam,Andhra Pradesh,532663,India
839,Rolph,Christofides,rchristofidesna@google.ca,1084151294,27667 Washington Junction,Agraharam,Andhra Pradesh,532663,India
840,Ag,Botterell,abotterellnb@nifty.com,6901062796,319 Stang Alley,Agraharam,Andhra Pradesh,532663,India
841,Bondon,Skains,bskainsnc@blogs.com,6681886754,489 Fuller Way,Agraharam,Andhra Pradesh,532663,India
842,Woodrow,Vickers,wvickersnd@discovery.com,3429907603,7 Mallard Parkway,Agraharam,Andhra Pradesh,532663,India
843,Mamie,Mulbery,mmulberyne@amazon.co.uk,2488121657,55 Dunning Hill,Agraharam,Andhra Pradesh,532663,India
844,Denys,Synnott,dsynnottnf@wikispaces.com,2557243452,695 Superior Road,Agraharam,Andhra Pradesh,532663,India
845,Marlo,Plewes,mplewesng@google.nl,3861652070,9122 Onsgard Alley,Agraharam,Andhra Pradesh,532663,India
846,Val,Spreull,vspreullnh@telegraph.co.uk,2916455034,7 Daystar Parkway,Agraharam,Andhra Pradesh,532663,India
847,Elenore,Paddle,epaddleni@hugedomains.com,1646619559,66 Kings Alley,Agraharam,Andhra Pradesh,532663,India
848,Bibbie,Skellington,bskellingtonnj@blogs.com,7543754724,35 Spaight Hill,Agraharam,Andhra Pradesh,532663,India
849,Sheffield,Beyn,sbeynnk@foxnews.com,3524519934,62 Village Court,Agraharam,Andhra Pradesh,532663,India
850,Thomasa,Lytlle,tlytllenl@instagram.com,9154741401,867 Londonderry Point,Agraharam,Andhra Pradesh,532663,India
851,Josepha,Troth,jtrothnm@studiopress.com,8713031773,62615 Sutteridge Lane,Agraharam,Andhra Pradesh,532663,India
852,Elsy,Sones,esonesnn@newsvine.com,3392593116,5335 Union Trail,Agraharam,Andhra Pradesh,532663,India
853,Cody,Bonavia,cbonaviano@booking.com,7896496081,04 Lerdahl Court,Agraharam,Andhra Pradesh,532663,India
854,Zenia,Barnfield,zbarnfieldnp@ed.gov,2537693643,35 Autumn Leaf Drive,Agraharam,Andhra Pradesh,532663,India
855,Forester,Parffrey,fparffreynq@cam.ac.uk,6977568015,42944 Debs Center,Agraharam,Andhra Pradesh,532663,India
856,Madison,Cuerdale,mcuerdalenr@army.mil,6466817663,7 Jenifer Parkway,Agraharam,Andhra Pradesh,532663,India
857,Tucky,Polfer,tpolferns@ucsd.edu,7287713625,74 Colorado Point,Agraharam,Andhra Pradesh,532663,India
858,Kacy,Haburne,khaburnent@infoseek.co.jp,8113606611,704 Sherman Place,Agraharam,Andhra Pradesh,532663,India
859,Shayne,Umbert,sumbertnu@gnu.org,8876517136,08 Sloan Park,Agraharam,Andhra Pradesh,532663,India
860,Catrina,Mumbey,cmumbeynv@mtv.com,2626463937,5 La Follette Drive,Agraharam,Andhra Pradesh,532663,India
861,Romeo,Clucas,rclucasnw@stanford.edu,4504684406,352 Homewood Lane,Agraharam,Andhra Pradesh,532663,India
862,Arch,Culley,aculleynx@oaic.gov.au,1997876201,52 Oneill Lane,Agraharam,Andhra Pradesh,532663,India
863,Jessy,Belbin,jbelbinny@wp.com,5033853707,55161 Schlimgen Center,Agraharam,Andhra Pradesh,532663,India
864,Vanny,Harsent,vharsentnz@amazonaws.com,4576118885,759 Petterle Hill,Agraharam,Andhra Pradesh,532663,India
865,Eamon,Meyrick,emeyricko0@cnbc.com,6327765598,294 Superior Road,Agraharam,Andhra Pradesh,532663,India
866,Elinore,Hazelby,ehazelbyo1@webnode.com,3075619568,43218 Cottonwood Street,Agraharam,Andhra Pradesh,532663,India
867,Tawsha,Caveau,tcaveauo2@jigsy.com,8762305460,9855 Annamark Pass,Agraharam,Andhra Pradesh,532663,India
868,Ignace,Tille,itilleo3@reddit.com,8916706217,8 Eagle Crest Alley,Agraharam,Andhra Pradesh,532663,India
869,Mortimer,Gethings,mgethingso4@mac.com,7894361940,2 Service Lane,Agraharam,Andhra Pradesh,532663,India
870,Fairlie,Lavelle,flavelleo5@spiegel.de,8934882412,0580 Anderson Way,Agraharam,Andhra Pradesh,532663,India
871,Fairleigh,Fiske,ffiskeo6@goo.ne.jp,6298957918,43576 Schmedeman Center,Agraharam,Andhra Pradesh,532663,India
872,Demetris,Lattka,dlattkao7@deliciousdays.com,4713187069,35 Vernon Parkway,Agraharam,Andhra Pradesh,532663,India
873,Norbert,Bertie,nbertieo8@accuweather.com,8188774083,8 Commercial Plaza,Agraharam,Andhra Pradesh,532663,India
874,Wandie,Dockray,wdockrayo9@arstechnica.com,2785499530,91010 Eastlawn Terrace,Agraharam,Andhra Pradesh,532663,India
875,Oliy,Desmond,odesmondoa@icq.com,9929836091,56 Debs Pass,Agraharam,Andhra Pradesh,532663,India
876,Ezri,Patzelt,epatzeltob@cbslocal.com,1058658441,2 Red Cloud Drive,Agraharam,Andhra Pradesh,532663,India
877,Daveta,Ludewig,dludewigoc@cloudflare.com,7695455445,31678 Mayer Plaza,Agraharam,Andhra Pradesh,532663,India
878,Brandyn,Coultar,bcoultarod@odnoklassniki.ru,4976460431,3087 Rigney Center,Agraharam,Andhra Pradesh,532663,India
879,Sena,Harnor,sharnoroe@alibaba.com,7832486614,45 Meadow Valley Pass,Agraharam,Andhra Pradesh,532663,India
880,Gil,Linder,glinderof@cnbc.com,6271651327,08560 Dixon Hill,Agraharam,Andhra Pradesh,532663,India
881,Idette,Hexham,ihexhamog@over-blog.com,2728205116,985 Tennyson Pass,Agraharam,Andhra Pradesh,532663,India
882,Timmy,Thandi,tthandioh@quantcast.com,3432512596,129 Dayton Avenue,Agraharam,Andhra Pradesh,532663,India
883,Bron,Phelan,bphelanoi@goo.gl,6488063121,76 Farmco Crossing,Agraharam,Andhra Pradesh,532663,India
884,Jackelyn,McCrann,jmccrannoj@tamu.edu,6562317440,4 2nd Junction,Agraharam,Andhra Pradesh,532663,India
885,Shelia,Gras,sgrasok@ehow.com,7721951333,151 Sutteridge Court,Agraharam,Andhra Pradesh,532663,India
886,Tammi,McPhillimey,tmcphillimeyol@sciencedaily.com,1594029755,4172 Pennsylvania Alley,Agraharam,Andhra Pradesh,532663,India
887,Andrei,Oxenbury,aoxenburyom@hugedomains.com,4117415040,198 Ramsey Point,Agraharam,Andhra Pradesh,532663,India
888,Osmond,Gabbatiss,ogabbatisson@buzzfeed.com,4777760354,74790 Pennsylvania Circle,Agraharam,Andhra Pradesh,532663,India
889,Angelle,Brownsall,abrownsalloo@shareasale.com,2773931893,5 Shasta Point,Agraharam,Andhra Pradesh,532663,India
890,Deina,Buist,dbuistop@istockphoto.com,7476150860,070 Esch Parkway,Agraharam,Andhra Pradesh,532663,India
891,Ardene,Cowmeadow,acowmeadowoq@statcounter.com,5225248734,9 Butterfield Road,Agraharam,Andhra Pradesh,532663,India
892,Jilli,Cummungs,jcummungsor@google.com,3272554382,57409 Fallview Hill,Agraharam,Andhra Pradesh,532663,India
893,Cymbre,Gustus,cgustusos@creativecommons.org,9662059251,27973 Fieldstone Pass,Agraharam,Andhra Pradesh,532663,India
894,Shadow,Leyes,sleyesot@free.fr,3261857560,93 Anzinger Street,Agraharam,Andhra Pradesh,532663,India
895,Tab,Chisman,tchismanou@toplist.cz,9896985881,14112 Dennis Alley,Agraharam,Andhra Pradesh,532663,India
896,Chrysler,covino,ccovinoov@dell.com,1001421848,2068 Homewood Road,Agraharam,Andhra Pradesh,532663,India
897,Jazmin,Dalgetty,jdalgettyow@weebly.com,5989044585,20570 Westridge Park,Agraharam,Andhra Pradesh,532663,India
898,Filmer,Reany,freanyox@wunderground.com,2162193113,2481 Hoard Court,Agraharam,Andhra Pradesh,532663,India
899,Dina,Manford,dmanfordoy@w3.org,4745334174,9 Shopko Street,Agraharam,Andhra Pradesh,532663,India
900,Neala,Beldom,nbeldomoz@unblog.fr,7256080991,03 Hoard Center,Agraharam,Andhra Pradesh,532663,India
901,Susann,Merdew,smerdewp0@google.co.jp,8433438080,1368 Pankratz Place,Agraharam,Andhra Pradesh,532663,India
902,Francisca,Clipston,fclipstonp1@stumbleupon.com,8817895504,74 Rowland Street,Agraharam,Andhra Pradesh,532663,India
903,Clemmie,Whaplington,cwhaplingtonp2@bloglines.com,9612998416,3912 Becker Avenue,Agraharam,Andhra Pradesh,532663,India
904,Ricky,Brede,rbredep3@cloudflare.com,3845199811,87 Little Fleur Plaza,Agraharam,Andhra Pradesh,532663,India
905,Paulina,Kingham,pkinghamp4@opensource.org,1861164499,2 Magdeline Drive,Agraharam,Andhra Pradesh,532663,India
906,Danny,Klas,dklasp5@digg.com,8502059784,9848 Steensland Parkway,Agraharam,Andhra Pradesh,532663,India
907,Elfrieda,Walbridge,ewalbridgep6@msn.com,6368563799,683 Mccormick Hill,Agraharam,Andhra Pradesh,532663,India
908,Rem,Perse,rpersep7@illinois.edu,7009374108,1 Lighthouse Bay Plaza,Agraharam,Andhra Pradesh,532663,India
909,Tomasine,Petford,tpetfordp8@biglobe.ne.jp,2461191256,5926 Paget Lane,Agraharam,Andhra Pradesh,532663,India
910,Emmanuel,Willimot,ewillimotp9@about.me,4779284098,57 Becker Way,Agraharam,Andhra Pradesh,532663,India
911,Hammad,Killock,hkillockpa@umich.edu,9718476038,2 Grim Lane,Agraharam,Andhra Pradesh,532663,India
912,Christabella,Ferrara,cferrarapb@blogspot.com,3713762314,0 Vidon Alley,Agraharam,Andhra Pradesh,532663,India
913,Savina,Harsant,sharsantpc@google.co.jp,1951087554,61238 Fair Oaks Center,Agraharam,Andhra Pradesh,532663,India
914,Cordey,Kimmitt,ckimmittpd@blog.com,3694623633,088 Sutherland Avenue,Agraharam,Andhra Pradesh,532663,India
915,Sheppard,Faulds,sfauldspe@com.com,2164792589,1 Northwestern Drive,Agraharam,Andhra Pradesh,532663,India
916,Nerty,Peery,npeerypf@desdev.cn,6315241652,729 Beilfuss Center,Agraharam,Andhra Pradesh,532663,India
917,Cosme,Aloshkin,caloshkinpg@sina.com.cn,9059936719,291 Lake View Pass,Agraharam,Andhra Pradesh,532663,India
918,Zahara,Reany,zreanyph@businessweek.com,4656421891,63325 Alpine Drive,Agraharam,Andhra Pradesh,532663,India
919,Mikaela,Muehle,mmuehlepi@a8.net,7171037603,0788 Manufacturers Street,Agraharam,Andhra Pradesh,532663,India
920,Tootsie,Duester,tduesterpj@ed.gov,2878854432,4 Homewood Place,Agraharam,Andhra Pradesh,532663,India
921,Gilemette,Retallack,gretallackpk@discuz.net,7208180776,47021 Golden Leaf Terrace,Agraharam,Andhra Pradesh,532663,India
922,El,Norgate,enorgatepl@paypal.com,1117645632,19616 Glacier Hill Road,Agraharam,Andhra Pradesh,532663,India
923,Edie,Ashlee,eashleepm@yellowbook.com,5249816599,34 Dunning Trail,Agraharam,Andhra Pradesh,532663,India
924,Alia,Eddolls,aeddollspn@miibeian.gov.cn,9833704047,898 Hintze Park,Agraharam,Andhra Pradesh,532663,India
925,Erinna,Morphet,emorphetpo@cbsnews.com,8323224877,5 Aberg Lane,Agraharam,Andhra Pradesh,532663,India
926,Pet,Woolrich,pwoolrichpp@blog.com,4809038501,934 Vidon Lane,Agraharam,Andhra Pradesh,532663,India
927,Horace,Lempke,hlempkepq@dyndns.org,1255231344,98 Logan Point,Agraharam,Andhra Pradesh,532663,India
928,Xavier,Jocic,xjocicpr@reuters.com,6211693555,040 Schiller Junction,Agraharam,Andhra Pradesh,532663,India
929,Iain,Heasly,iheaslyps@miibeian.gov.cn,7577039774,69 Heath Center,Agraharam,Andhra Pradesh,532663,India
930,Quintilla,Jerdein,qjerdeinpt@xrea.com,4149727072,50054 Schurz Parkway,Agraharam,Andhra Pradesh,532663,India
931,Ginnifer,Muat,gmuatpu@kickstarter.com,6198657478,8409 Northland Terrace,Agraharam,Andhra Pradesh,532663,India
932,Alvina,Shanks,ashankspv@acquirethisname.com,9279246781,9297 Melby Trail,Agraharam,Andhra Pradesh,532663,India
933,Anselm,Acey,aaceypw@bloglines.com,6857893744,1 Surrey Pass,Agraharam,Andhra Pradesh,532663,India
934,Noreen,Cheeney,ncheeneypx@acquirethisname.com,8414619500,68 Pine View Way,Agraharam,Andhra Pradesh,532663,India
935,Weidar,Yurkin,wyurkinpy@hhs.gov,2676161038,92889 Oakridge Lane,Agraharam,Andhra Pradesh,532663,India
936,Natty,Claussen,nclaussenpz@sbwire.com,8072854687,072 Kim Pass,Agraharam,Andhra Pradesh,532663,India
937,Florencia,Gowlett,fgowlettq0@bluehost.com,3446313846,4 Sunfield Street,Agraharam,Andhra Pradesh,532663,India
938,Yvette,Postgate,ypostgateq1@wired.com,1208412664,6 Cambridge Road,Agraharam,Andhra Pradesh,532663,India
939,Elias,Comino,ecominoq2@reference.com,9699360653,8361 Center Point,Agraharam,Andhra Pradesh,532663,India
940,Kendre,Artharg,karthargq3@bravesites.com,5759923858,23 Londonderry Avenue,Agraharam,Andhra Pradesh,532663,India
941,Clemence,Thoma,cthomaq4@rakuten.co.jp,7267564936,57 Upham Circle,Agraharam,Andhra Pradesh,532663,India
942,Vinni,Ianiello,vianielloq5@boston.com,4051269842,687 Moland Junction,Agraharam,Andhra Pradesh,532663,India
943,Vergil,Wilbore,vwilboreq6@etsy.com,7014965302,03 Dapin Parkway,Agraharam,Andhra Pradesh,532663,India
944,Myrna,Martinets,mmartinetsq7@virginia.edu,5843980933,08839 Pierstorff Avenue,Agraharam,Andhra Pradesh,532663,India
945,Griz,Patton,gpattonq8@noaa.gov,4812051464,1842 Sachs Place,Agraharam,Andhra Pradesh,532663,India
946,Horst,Sailor,hsailorq9@tinypic.com,8865311250,1749 Oneill Lane,Agraharam,Andhra Pradesh,532663,India
947,Dulciana,Williams,dwilliamsqa@google.de,5975678973,49 Sunnyside Alley,Agraharam,Andhra Pradesh,532663,India
948,Curran,Rhule,crhuleqb@dmoz.org,6701686533,7475 Aberg Place,Agraharam,Andhra Pradesh,532663,India
949,Corbet,Messitt,cmessittqc@sphinn.com,8586082955,398 Birchwood Alley,Agraharam,Andhra Pradesh,532663,India
950,Blinnie,Pinches,bpinchesqd@marriott.com,3057385786,34503 Marquette Hill,Agraharam,Andhra Pradesh,532663,India
951,Dody,Skoyles,dskoylesqe@wsj.com,7288376510,71661 Dorton Pass,Agraharam,Andhra Pradesh,532663,India
952,Kristos,Joisce,kjoisceqf@myspace.com,2367837557,12040 Sycamore Circle,Agraharam,Andhra Pradesh,532663,India
953,Agna,Simmonett,asimmonettqg@va.gov,6603160456,4 Granby Street,Agraharam,Andhra Pradesh,532663,India
954,Roxane,Georgeson,rgeorgesonqh@state.tx.us,3057914164,90 Hollow Ridge Place,Agraharam,Andhra Pradesh,532663,India
955,Northrop,Tankus,ntankusqi@hubpages.com,6293897538,80068 Gina Circle,Agraharam,Andhra Pradesh,532663,India
956,Ashly,Ellsom,aellsomqj@ocn.ne.jp,7277272854,6 Holmberg Plaza,Agraharam,Andhra Pradesh,532663,India
957,Ines,Cudd,icuddqk@microsoft.com,9405168710,6044 Sundown Lane,Agraharam,Andhra Pradesh,532663,India
958,Ike,Prozescky,iprozesckyql@google.es,9959768320,86145 Bluejay Pass,Agraharam,Andhra Pradesh,532663,India
959,Jayme,Greasley,jgreasleyqm@tinyurl.com,5885590800,85604 Swallow Park,Agraharam,Andhra Pradesh,532663,India
960,Kellyann,Dinjes,kdinjesqn@hp.com,4992625381,6 Redwing Street,Agraharam,Andhra Pradesh,532663,India
961,Kelwin,Goodger,kgoodgerqo@symantec.com,4851994994,55 Schmedeman Way,Agraharam,Andhra Pradesh,532663,India
962,Elton,Ewles,eewlesqp@bing.com,5926494997,57485 Fordem Trail,Agraharam,Andhra Pradesh,532663,India
963,Almeria,Gregor,agregorqq@intel.com,4097103579,06502 Cordelia Center,Agraharam,Andhra Pradesh,532663,India
964,Chick,Newton,cnewtonqr@naver.com,2761699329,458 Evergreen Crossing,Agraharam,Andhra Pradesh,532663,India
965,Dulciana,McAree,dmcareeqs@comcast.net,4129464336,1669 Lakeland Parkway,Agraharam,Andhra Pradesh,532663,India
966,Niko,Orknay,norknayqt@skype.com,7051885668,1 Esch Drive,Agraharam,Andhra Pradesh,532663,India
967,Angus,Poletto,apolettoqu@jiathis.com,4718281835,451 Birchwood Parkway,Agraharam,Andhra Pradesh,532663,India
968,Kirk,Ibbeson,kibbesonqv@wsj.com,5305733742,824 Swallow Lane,Agraharam,Andhra Pradesh,532663,India
969,Christina,Barens,cbarensqw@engadget.com,1631366581,9 Novick Crossing,Agraharam,Andhra Pradesh,532663,India
970,Gaspard,Tilte,gtilteqx@blinklist.com,1663213446,5 Rigney Place,Agraharam,Andhra Pradesh,532663,India
971,Kial,Bachnic,kbachnicqy@ovh.net,4307533340,05627 Larry Terrace,Agraharam,Andhra Pradesh,532663,India
972,Kane,Waldera,kwalderaqz@statcounter.com,6561605088,0167 Bluejay Point,Agraharam,Andhra Pradesh,532663,India
973,Magdaia,Rosenkrantz,mrosenkrantzr0@acquirethisname.com,7786275447,66 Hauk Crossing,Agraharam,Andhra Pradesh,532663,India
974,Devan,Island,dislandr1@fda.gov,3821230676,8443 Evergreen Plaza,Agraharam,Andhra Pradesh,532663,India
975,Odessa,Grundy,ogrundyr2@live.com,1097929248,74089 Rockefeller Lane,Agraharam,Andhra Pradesh,532663,India
976,Pepi,Coleshill,pcoleshillr3@webnode.com,1279912216,196 Veith Lane,Agraharam,Andhra Pradesh,532663,India
977,Jed,Merck,jmerckr4@blogs.com,1726307209,39626 Ridge Oak Crossing,Agraharam,Andhra Pradesh,532663,India
978,Mendie,Marlor,mmarlorr5@imageshack.us,1664347007,5672 Marquette Road,Agraharam,Andhra Pradesh,532663,India
979,Shanna,Dowling,sdowlingr6@rediff.com,3071029092,20212 Bartelt Park,Agraharam,Andhra Pradesh,532663,India
980,Tiffanie,Nodes,tnodesr7@google.co.jp,8567668934,526 Pankratz Place,Agraharam,Andhra Pradesh,532663,India
981,Minette,Ladel,mladelr8@forbes.com,6516564743,05 Transport Hill,Agraharam,Andhra Pradesh,532663,India
982,Erl,Gamett,egamettr9@arizona.edu,4694976705,72867 Northfield Center,Agraharam,Andhra Pradesh,532663,India
983,Maurine,Boice,mboicera@aol.com,3488991529,4 Mcbride Alley,Agraharam,Andhra Pradesh,532663,India
984,Pippo,Ciabatteri,pciabatterirb@g.co,8126264289,9 Melody Street,Agraharam,Andhra Pradesh,532663,India
985,Fredrick,Andri,fandrirc@aboutads.info,1655097977,342 Del Mar Crossing,Agraharam,Andhra Pradesh,532663,India
986,Tiertza,Ince,tincerd@nydailynews.com,8589767830,6171 Shelley Avenue,Agraharam,Andhra Pradesh,532663,India
987,Ruthie,Tollerton,rtollertonre@dedecms.com,8062360640,74100 Mendota Road,Agraharam,Andhra Pradesh,532663,India
988,Pepito,Bedwell,pbedwellrf@sun.com,6794154190,1093 Tony Lane,Agraharam,Andhra Pradesh,532663,India
989,Lydon,Heaney`,lheaneyrg@facebook.com,9478908793,96619 Old Gate Terrace,Agraharam,Andhra Pradesh,532663,India
990,Alfonso,Silverwood,asilverwoodrh@blog.com,7853372048,7 Merry Terrace,Agraharam,Andhra Pradesh,532663,India
991,Eulalie,Liversage,eliversageri@e-recht24.de,1284518532,0956 Pawling Terrace,Agraharam,Andhra Pradesh,532663,India
992,Clywd,Giffaut,cgiffautrj@jalbum.net,7875252903,497 Messerschmidt Park,Agraharam,Andhra Pradesh,532663,India
993,Laurene,Whebell,lwhebellrk@geocities.jp,8353002663,665 Leroy Terrace,Agraharam,Andhra Pradesh,532663,India
994,Rickie,Reitenbach,rreitenbachrl@deviantart.com,3913685525,5 Schiller Park,Agraharam,Andhra Pradesh,532663,India
995,Freeman,Pencot,fpencotrm@telegraph.co.uk,6041342180,62926 Harper Crossing,Agraharam,Andhra Pradesh,532663,India
996,Leah,Rainard,lrainardrn@jiathis.com,6016307234,7 Arkansas Crossing,Agraharam,Andhra Pradesh,532663,India
997,Ashley,Jirzik,ajirzikro@1688.com,2848144020,8444 Hauk Point,Agraharam,Andhra Pradesh,532663,India
998,Oren,Garland,ogarlandrp@rambler.ru,8391427709,28680 Corscot Court,Agraharam,Andhra Pradesh,532663,India
999,Simon,Joan,sjoanrq@arstechnica.com,3838219781,601 Clove Avenue,Agraharam,Andhra Pradesh,532663,India
1000,Melisande,Kilcullen,mkilcullenrr@alexa.com,1964204927,1 Arapahoe Terrace,Agraharam,Andhra Pradesh,532663,India